0,,"今までは、エントたちは大樹に敬意を払って
あの辺りを避けているのかとも思っていたんだ
僕の思い違いだったみたいだけどね","One wondered if the Ents had held the great tree
in reverence, keeping clear of those parts all
this while— Seems 'twas my own
misjudgment, though.",ui\00_message\quest\q60207000.gmd,\quest\q60207000.arc,q60207000.arc,7,Rondejeel,Quest Dialogue
0,,"そうそう、これは今回のお礼だよ
いつも僕らに力を貸してくれてありがとう","Right, right — this here's your
recompense for this venture.
Thank you for always lending us your might.",ui\00_message\quest\q60207000.gmd,\quest\q60207000.arc,q60207000.arc,8,Rondejeel,Quest Dialogue
0,,"ウィルムの討伐、引き受けてくれるのかい
妹一人の手には余るようだったからね
助かるよ","Will you take on the Wyrm's extermination? 'Twas
beyond my sister alone — much obliged.",ui\00_message\quest\q60207001.gmd,\quest\q60207001.arc,q60207001.arc,0,Rondejeel,Quest Dialogue
0,,"妹によると、ウィルムは
《飛天のテラス》の奥に潜んでいたそうだ","My sister says the wyrm lay hidden deep within
the Soaring Sky Terrace.",ui\00_message\quest\q60207001.gmd,\quest\q60207001.arc,q60207001.arc,1,Rondejeel,Quest Dialogue
0,,"あんな鳥だらけのところに
氷竜がいるなんて不思議だけど、
もしかすると羽ばたきの音が
意外と心地よかったりするのかもね","'Tis queer, an ice wyrm dwelling amid so many
birds... Mayhap the beat of wings is a
comfort, in its way.",ui\00_message\quest\q60207001.gmd,\quest\q60207001.arc,q60207001.arc,2,Rondejeel,Quest Dialogue
0,,"――なんて、ちょっとウィルムのことを
人みたいに考えすぎたかな
とにかく、討伐の件は君に任せるよ
急ぎはしないから、頃合いを見て取り組んでくれ","Mayhap I thought too much on the wyrm as if
'twere a person. Anyhow, the extermination's in
your hands. No rush — tackle it when
the time feels right.",ui\00_message\quest\q60207001.gmd,\quest\q60207001.arc,q60207001.arc,3,Rondejeel,Quest Dialogue
0,,"妹によれば、ウィルムは
《飛天のテラス》の奥に潜んでいたそうだ
きっと今もテラスのどこかにいるはずだよ","My sister says the Wyrm lay hidden deep within
the Soaring Sky Terrace. 'Tis like as not still
lurking somewhere there.",ui\00_message\quest\q60207001.gmd,\quest\q60207001.arc,q60207001.arc,4,Rondejeel,Quest Dialogue
0,,"急ぎはしないから、君の都合のいい頃にでも
取り組んでみてくれ",No rush — have at it whene'er it suits you.,ui\00_message\quest\q60207001.gmd,\quest\q60207001.arc,q60207001.arc,5,Rondejeel,Quest Dialogue
0,,"ウィルムを討伐してきてくれてありがとう
これで《飛天のテラス》の調査を
進めることができるよ","Thank you for slaying the wrm. Now we can advance
the investigation of the Soaring Sky Terrace.",ui\00_message\quest\q60207001.gmd,\quest\q60207001.arc,q60207001.arc,6,Rondejeel,Quest Dialogue
0,,"今までに見つかっているエルフの遺跡は
それぞれ異なった特色を備えているんだけど
《飛天のテラス》は今に至るまで
鳥を呼び寄せるような不思議な力を残している","The elven ruins discovered hitherto each bear a
distinct character, yet the Soaring Sky Terrace
still harbors a curious power that draws birds.",ui\00_message\quest\q60207001.gmd,\quest\q60207001.arc,q60207001.arc,7,Rondejeel,Quest Dialogue
0,,"あそこを調べることで
エルフの文化について
より一層見識を深めることができると思うんだ","I imagine examining that place would deepen our
insight into elven culture all the more.",ui\00_message\quest\q60207001.gmd,\quest\q60207001.arc,q60207001.arc,8,Rondejeel,Quest Dialogue
0,,"何か新しいことがわかったら
君にも伝えることにしよう
君の協力あってこその成果だからね","Should aught new come to light, I'll let you
know. This result came of your
cooperation, after all.",ui\00_message\quest\q60207001.gmd,\quest\q60207001.arc,q60207001.arc,9,Rondejeel,Quest Dialogue
0,,"今回も力を貸してくれてありがとう
少ないけれど、これはお礼だよ
受け取ってくれ","Thank you for lending us your strength anew.
'Tis not much, but this is our
thanks — pray accept it.",ui\00_message\quest\q60207001.gmd,\quest\q60207001.arc,q60207001.arc,10,Rondejeel,Quest Dialogue
0,,"おっ、準備できたか！
それじゃあ早速だが頼んだぞ","Oh, you're ready! Then straight to it
— counting on you!",ui\00_message\quest\q60208000.gmd,\quest\q60208000.arc,q60208000.arc,0,Scherzo,Quest Dialogue
0,,"場所はバートランド大橋の近くにある
《薄煙の荒れ地》って呼ばれてる場所だ
まぁ、近寄ってみればすぐにわかるだろう
オークが野営に使った焚火がくすぶってるからな","The spot's near Betland Bridge — a place called
the Wispy Wasteland. You'll know it when you draw
close; the orcs' campfires are still smoldering.",ui\00_message\quest\q60208000.gmd,\quest\q60208000.arc,q60208000.arc,1,Scherzo,Quest Dialogue
0,,"あの辺りはオークとの小競り合いが
勃発しやすい地点だったんだが
最近になってガーゴイルまで飛び回りはじめたんだ","That area was prone to skirmishes with orcs, but
lately gargoyles have taken to
wheeling overhead as well.",ui\00_message\quest\q60208000.gmd,\quest\q60208000.arc,q60208000.arc,2,Scherzo,Quest Dialogue
0,,"オークとやりあっている時に
石呪の吐息なんか吹きかけられてみろ
たまったもんじゃないぜ","Try fighting off Orcs while getting sprayed
by petrifying breath, it's the worst.",ui\00_message\quest\q60208000.gmd,\quest\q60208000.arc,q60208000.arc,3,Scherzo,Quest Dialogue
0,,"ってことで、隊としても本腰を入れて
ガーゴイルを駆除することになったんだ","So the corps is committing in earnest to
exterminating the gargoyles.",ui\00_message\quest\q60208000.gmd,\quest\q60208000.arc,q60208000.arc,4,Scherzo,Quest Dialogue
0,,"お前も石にされないように
気を付けて行ってくれよ
あれは軽く見てるとイタい目に遭うからな――","Mind you don't get yourself petrified.
Underestimate them and you'll rue it—",ui\00_message\quest\q60208000.gmd,\quest\q60208000.arc,q60208000.arc,5,Scherzo,Quest Dialogue
0,,"よう、ガーゴイルの駆除は進んでるか？
石化下しは忘れず持っていけよ！
石呪は見た目以上に厄介だからな――","Hey, exterminating those Gargoyles?
Don't forget to bring Petrification cures!
That curse is more troublesome than it looks...",ui\00_message\quest\q60208000.gmd,\quest\q60208000.arc,q60208000.arc,6,Scherzo,Quest Dialogue
0,,"おっ、ガーゴイルを駆除してきてくれたんだな！
ご苦労さん！","Oh, you've culled the Gargoyles, then! Good work!",ui\00_message\quest\q60208000.gmd,\quest\q60208000.arc,q60208000.arc,7,Scherzo,Quest Dialogue
0,,"駆除してきてもらって早々に悪いが
実はあそこはガーゴイルを引き付けやすい環境に
なってるみたいなんだよなぁ
これまでも何度も駆除してるんだが――","Hate to say it so soon after the extermination,
but... that spot seems to have turned into a
gargoyle magnet. We've cleared them out
time and again, yet—",ui\00_message\quest\q60208000.gmd,\quest\q60208000.arc,q60208000.arc,8,Scherzo,Quest Dialogue
0,,"今回はお前に駆除してきてもらったが
またすぐに別の群れが棲みつくだろう","You handled the extermination this time, but
another brood'll take up roost erelong.",ui\00_message\quest\q60208000.gmd,\quest\q60208000.arc,q60208000.arc,9,Scherzo,Quest Dialogue
0,,"だが、隊としては根気強く
駆除を繰り返していく方針だ
お前も再びガーゴイルの群れを見かけることがあれば
駆除を心がけてくれ！","But corps policy is to persist, exterminating
them time and again.
Should you spy another gargoyle horde, see
to its extermination!",ui\00_message\quest\q60208000.gmd,\quest\q60208000.arc,q60208000.arc,10,Scherzo,Quest Dialogue
0,,"おっ、もう行ってくれる気になったのか！
――いや、ほんとに大丈夫か？
もう少し時間をかけて覚悟を固めてもいいんだぞ","Oh, so you've made up your mind to go!
—Hold, are you truly certain?
You may take more time to steel your resolve, ser.",ui\00_message\quest\q60208001.gmd,\quest\q60208001.arc,q60208001.arc,0,Scherzo,Quest Dialogue
0,,"ま、お前が大丈夫っていうんなら
俺としてはありがたいこと
この上ないんだけどな！","Well, if you say you're fit, I'll not argue —
'tis a boon beyond measure!",ui\00_message\quest\q60208001.gmd,\quest\q60208001.arc,q60208001.arc,1,Scherzo,Quest Dialogue
0,,"念のためだ、もう一度説明しておくぞ
場所はおなじみの《罪人の修獄》だ
勝手に鍵が開いてた、あの墓場だよ","For caution's sake, I'll explain anew.
The site is the familiar Penitentiary — that
graveyard where the lock opened of its own accord.",ui\00_message\quest\q60208001.gmd,\quest\q60208001.arc,q60208001.arc,2,Scherzo,Quest Dialogue
0,,"調査に行った隊士の話では
女の笑い声があちこちから聞こえてきたそうだ――
繰り返すが――誰も居るはずがない墓地で、だぞ！","The investigating corpsmen report a woman's
laughter echoing from all around.... Mark this
well—in a graveyard where not a soul should be!",ui\00_message\quest\q60208001.gmd,\quest\q60208001.arc,q60208001.arc,3,Scherzo,Quest Dialogue
0,,"ううっ、話してるだけで寒気がしてきた――
こんな話を副隊長にするわけにはいかないからな
お前だけが頼りだ！
それじゃ、任せたぞ！","Ugh, just the telling brings a chill— I cannot
carry a tale like this to the Vice Captain.
You're the only one I can count on!
Right then, it's in your hands!",ui\00_message\quest\q60208001.gmd,\quest\q60208001.arc,q60208001.arc,4,Scherzo,Quest Dialogue
0,,"あの件はどうなった？
ほら、《罪人の修獄》で
女の笑い声が聞こえてきたってやつ――","How fares that matter?
The one about the woman's laughter 
heard at the Penitentiary...",ui\00_message\quest\q60208001.gmd,\quest\q60208001.arc,q60208001.arc,5,Scherzo,Quest Dialogue
0,,"い、いや、急ぐことはないぞ！
こういうことには覚悟が必要だからな――
俺もよーくわかってる！
無理はしなくていいからな！","N-no, there's no call to rush!
A thing like this demands resolve—
I wit that better than most!
Do not push yourself too hard!",ui\00_message\quest\q60208001.gmd,\quest\q60208001.arc,q60208001.arc,6,Scherzo,Quest Dialogue
0,,"おお、無事に帰ってきてくれてよかった！
ほんっとうによかった！","Oh, thank the Dragon, you're back safe!
I am truly, truly gladdened!",ui\00_message\quest\q60208001.gmd,\quest\q60208001.arc,q60208001.arc,7,Scherzo,Quest Dialogue
0,,"いやぁ、送り出したはいいものの
万が一お前が帰ってこなかったら
次は俺が様子を見に行かなきゃなって考えたら
気分が重くなってな！","Haah, I sent you off, aye... but the thought I'd
have to go searching myself if you did not
return— that weighed heavy on the spirit, it did!",ui\00_message\quest\q60208001.gmd,\quest\q60208001.arc,q60208001.arc,8,Scherzo,Quest Dialogue
0,,"で、《罪人の修獄》の中で笑ってたのは
何だったんだ？
――女の幽霊！
やっぱり出たんだな！","So, what was laughing inside the Penitentiary?
—A woman's spirit!
Knew it — one's shown itself after all!",ui\00_message\quest\q60208001.gmd,\quest\q60208001.arc,q60208001.arc,9,Scherzo,Quest Dialogue
0,,"ふむ、冤罪を示唆するような
不穏な手記が遺されていたのか――","Hmm, so an unsettling journal hinting at false
accusation was left behind...",ui\00_message\quest\q60208001.gmd,\quest\q60208001.arc,q60208001.arc,10,Scherzo,Quest Dialogue
0,,"あの墓地に葬られているのは
大罪を犯して獄死した囚人ばかりだと聞いていたが
冤罪に問われ、無念のうちに没した者も
いたのかも知れんな――","'Twas said naught but prisoners guilty of heinous
crimes, who died in gaol, lie buried there... yet
mayhap some were falsely accused, and perished
with regret unspent—",ui\00_message\quest\q60208001.gmd,\quest\q60208001.arc,q60208001.arc,11,Scherzo,Quest Dialogue
0,,"気味の悪い任務を引き受けてもらって悪いな
俺からの感謝の気持ちとして
これを受け取ってくれ
また何かあったら、よろしくな！","Sorry to foist so eerie a task on you.
As a token of my thanks — pray, accept this.
Should aught come up anew, I'm counting on you!",ui\00_message\quest\q60208001.gmd,\quest\q60208001.arc,q60208001.arc,12,Scherzo,Quest Dialogue
0,,"あらっ、ガルドノック砦の様子を
見て来てくれるの？",Oh my. Will you check on Gardnox Fortress for me?,ui\00_message\quest\q60209000.gmd,\quest\q60209000.arc,q60209000.arc,0,Sunny,Quest Dialogue
0,,"それじゃ、あたしが今知ってることを
全部教えておくからね！
役に立つことかはわかんないけど、情報は
ちょっとでもあった方がいいでしょ！","Right then. I'll tell you all I know. Don't wit
if it'll help... but even a scrap of
information's better than naught, aye.",ui\00_message\quest\q60209000.gmd,\quest\q60209000.arc,q60209000.arc,1,Sunny,Quest Dialogue
0,,"最近、ガルドノック砦の方が騒がしくてね
遠目に様子を探ったりもしてるんだけど
オークたちがやけに出たり入ったりしてるんだよ","Gardnox Fortress has been astir of late. I've
scouted from afar, but the orcs are coming
and going in droves.",ui\00_message\quest\q60209000.gmd,\quest\q60209000.arc,q60209000.arc,2,Sunny,Quest Dialogue
0,,"もしかしたら中で何か起こってるかも知れないよ
こっちに攻め込んでくる準備をしてるとかさ","Mayhap aught's afoot within — preparing to
strike at us, like as not.",ui\00_message\quest\q60209000.gmd,\quest\q60209000.arc,q60209000.arc,3,Sunny,Quest Dialogue
0,,"あたしも気になってるんだ
中を見てきたら、どんな様子だったか
教えてね","I'm curious myself — when you've had a look
inside, tell me what you found.",ui\00_message\quest\q60209000.gmd,\quest\q60209000.arc,q60209000.arc,4,Sunny,Quest Dialogue
0,,"ガルドノック砦の中で
オークたちが変なことしてないといいんだけど――","Hope the orcs aren't up to aught strange
in Gardnox Fortress...",ui\00_message\quest\q60209000.gmd,\quest\q60209000.arc,q60209000.arc,5,Sunny,Quest Dialogue
0,,"こっちに攻め込んでくる準備だとか
魔獣を飼い慣らしてるとか――
やだやだ、考え始めるとキリがないね","Preparing to march on us, taming fell beasts—
Fie, once the mind starts racing,
there's no cease to it.",ui\00_message\quest\q60209000.gmd,\quest\q60209000.arc,q60209000.arc,6,Sunny,Quest Dialogue
0,,"ええっ！
ガルドノック砦に
侵食されたオークが居たのかい！","Eh?! There were infected orcs
at Gardnox Fortress?!",ui\00_message\quest\q60209000.gmd,\quest\q60209000.arc,q60209000.arc,7,Sunny,Quest Dialogue
0,,"侵食って、前にローテスの浜辺に
流れ着いたっていう魔物みたいに
体が蝕まれた状態になるんだろ？","""Infected"" — you mean they end up like the
monsters that washed ashore at Rotes afore,
their bodies corrupted?",ui\00_message\quest\q60209000.gmd,\quest\q60209000.arc,q60209000.arc,8,Sunny,Quest Dialogue
0,,"この辺りにも侵食の魔の手が迫ってるんだね――
オークや魔物だけでも大変なのに
その上に侵食の心配もしなきゃいけないなんて――","The corruptions's fell hand draws nigh our lands
as well— Orcs and monsters were trial enow, yet
now we must dread the infection atop it all...",ui\00_message\quest\q60209000.gmd,\quest\q60209000.arc,q60209000.arc,9,Sunny,Quest Dialogue
0,,"それにしても、最近オークが頻繁に出入りしてたのは
侵食されたヤツを何とか助けようと
仲間を呼び寄せたりしてたってことなのかね","Even so... the orcs have been coming and going of
late. Calling their kin, trying to save the
infected... is that the way of it, then?",ui\00_message\quest\q60209000.gmd,\quest\q60209000.arc,q60209000.arc,10,Sunny,Quest Dialogue
0,,"仲間を見捨てないなんて
オークも意外といいとこあるのかもしれないね――","Orcs refusing to abandon their kin... 
mayhap they've a redeeming quality after all...",ui\00_message\quest\q60209000.gmd,\quest\q60209000.arc,q60209000.arc,11,Sunny,Quest Dialogue
0,,"人間はさ、問題が起こると見捨てたり
自分たちから切り離して考えがちだろ
この村やザンドラの辺りみたいにさ","You know, when problems arise, people tend to
abandon others or think of them as separate from
themselves, don't they?
Just like in this village or around
Zandra, for example.",ui\00_message\quest\q60209000.gmd,\quest\q60209000.arc,q60209000.arc,12,Sunny,Quest Dialogue
0,,"――なんて、ちょっと考えすぎたみたいだ
さて、調査してきてもらったからには
お礼を弾まないとね！
これ、持って行っておくれよ！","......Seems I overthought it a touch.
Now then, since you've gone and investigated for
us, I can't be forgetting my thanks!
Here, take this with you!",ui\00_message\quest\q60209000.gmd,\quest\q60209000.arc,q60209000.arc,13,Sunny,Quest Dialogue
0,,"ああ、行ってくれるのかい！
ありがとう！
それじゃ、くわしく説明させてもらうよ","Aah, so you'll go for me! Thank you!
Now I'll give you all the details...",ui\00_message\quest\q60209001.gmd,\quest\q60209001.arc,q60209001.arc,0,Sunny,Quest Dialogue
0,,"あたしの見た気持ちの悪い魔物なんだけどさ
あいつは《ガルドノック廃水廊》から
出てきたんじゃないかって思うんだよ","I've seen this creepy monster, you know?
I think it came from the Gardnox Sewers.",ui\00_message\quest\q60209001.gmd,\quest\q60209001.arc,q60209001.arc,1,Sunny,Quest Dialogue
0,,"だって、今まであんなの一度も
見たことも聞いたことも無かったんだから！","I mean, I'd never seen or heard of anything like
it before!",ui\00_message\quest\q60209001.gmd,\quest\q60209001.arc,q60209001.arc,2,Sunny,Quest Dialogue
0,,"最近ここらで変わったことといえば
《ガルドノック廃水廊》が開いたこと以外
ないでしょ？","The only recent change around here is the opening
of the Gardnox Sewers, right? That should be it.",ui\00_message\quest\q60209001.gmd,\quest\q60209001.arc,q60209001.arc,3,Sunny,Quest Dialogue
0,,"だから、あの魔物の根城になってないかを
見てきてほしいんだ
もしも棲みついてたら追い払っておくれよ","So, I want you to check if it's their hideout.
Drive them out if they've settled in.",ui\00_message\quest\q60209001.gmd,\quest\q60209001.arc,q60209001.arc,4,Sunny,Quest Dialogue
0,,"あたし、あの気持ちの悪い魔物は
《ガルドノック廃水廊》から出てきたんだと思うんだ
女の勘ってやつだよ","I think that creepy monster definitely came from
the Gardnox Sewers. Call it women's intuition.",ui\00_message\quest\q60209001.gmd,\quest\q60209001.arc,q60209001.arc,5,Sunny,Quest Dialogue
0,,"やっぱりあの魔物
ガルドノック廃水廊から出てきてたんだね！","So that monster really did come
from the Gardnox Sewers!",ui\00_message\quest\q60209001.gmd,\quest\q60209001.arc,q60209001.arc,6,Sunny,Quest Dialogue
0,,"あんたが倒してくれたんなら
もう村の近くであの顔を見ることはないかな
安心したよ！　ありがとう！","If you took care of it, I won't see its ugly face
near the village again. I'm so relieved! Thanks!",ui\00_message\quest\q60209001.gmd,\quest\q60209001.arc,q60209001.arc,7,Sunny,Quest Dialogue
0,,"ふふ、それにしても
自分の予測が当たると何だかいい気分だね","Hehe, you know,
it feels good to have my prediction come true.",ui\00_message\quest\q60209001.gmd,\quest\q60209001.arc,q60209001.arc,8,Sunny,Quest Dialogue
0,,"覚者様、黒大鷲が舞い降りた
《狂信者の潜伏地》は、かつて錬金の術に
傾倒した者たちが我流にて研究を
繰り返していたという場所です","Ser Arisen, a black eagle has descended upon
the Fanatic's Hiding Ground, a place where those
devoted to alchemy conducted their research.",ui\00_message\quest\q60210000.gmd,\quest\q60210000.arc,q60210000.arc,0,Dian,Quest Dialogue
0,,"彼らが姿を消した後
かの地は捨て置かれております
――しかし、災いを繰り返させぬためにも
いつか神殿からの調査が入ることになるでしょう","After they vanished, the land was abandoned...
However, to prevent history from repeating, the
Temple plans to send investigators.",ui\00_message\quest\q60210000.gmd,\quest\q60210000.arc,q60210000.arc,1,Dian,Quest Dialogue
0,,"その日まで、かの地をそのままに
残しておきたいのです
どうか力をお貸しください","Until that day comes, I wish to leave that place
untouched. Please lend me your strength.",ui\00_message\quest\q60210000.gmd,\quest\q60210000.arc,q60210000.arc,2,Dian,Quest Dialogue
0,,"覚者様、黒大鷲が舞い降りたのは
この場より北西の方角でございます","Ser Arisen, a black griffin has descended
northwest of here.",ui\00_message\quest\q60210000.gmd,\quest\q60210000.arc,q60210000.arc,3,Dian,Quest Dialogue
0,,"いつか神殿からの調査が入るその日まで
あの場をそのままに残しておくため
どうか力をお貸しください","Until the day the Temple sends its investigators,
I wish to keep that place as it is. 
Please lend me your strength.",ui\00_message\quest\q60210000.gmd,\quest\q60210000.arc,q60210000.arc,4,Dian,Quest Dialogue
0,,"覚者様、大黒鷲を討伐していただき
お礼申し上げます","Ser Arisen, thank you for slaying
the great black eagle.",ui\00_message\quest\q60210000.gmd,\quest\q60210000.arc,q60210000.arc,5,Dian,Quest Dialogue
0,,"いつかこの地にも神殿の方々による調査が入り
そして安全が認められれば
再び人々が集う日もくることでしょう","In time, the Temple will send investigators.
Once safety is confirmed, people can gather
in this land once again.",ui\00_message\quest\q60210000.gmd,\quest\q60210000.arc,q60210000.arc,6,Dian,Quest Dialogue
0,,"それまでは私がこの地を守り
神殿と覚者様のお役に立とうと思います","Until that time comes,
I will protect this land and serve the Temple...
And you, Ser.",ui\00_message\quest\q60210000.gmd,\quest\q60210000.arc,q60210000.arc,7,Dian,Quest Dialogue
0,,"覚者様、魔物が騒いでいるのは
《叫びの竪穴》でございます","Ser Arisen, there are monsters making a ruckus
from within the Pit of Screams.",ui\00_message\quest\q60210001.gmd,\quest\q60210001.arc,q60210001.arc,0,Dian,Quest Dialogue
0,,"井戸の中で魔物同士の争いが続けば
いずれ居場所を無くした魔物たちが
地上に溢れ出してくることは
想像にかたくありません","As the monsters keep fighting each other in the well,
it's not hard to imagine that those that become
displaced will spill out onto the surface.",ui\00_message\quest\q60210001.gmd,\quest\q60210001.arc,q60210001.arc,1,Dian,Quest Dialogue
0,,"どうか今のうちに中の様子を確認し
騒ぎを起こしている魔物の退治を
お願いいたします","Please investigate the situation and deal with the
monsters causing trouble.",ui\00_message\quest\q60210001.gmd,\quest\q60210001.arc,q60210001.arc,2,Dian,Quest Dialogue
0,,"《叫びの竪穴》に新たな魔物が巣食い
元々あの井戸に棲みついていた魔物たちと
争いあっているようです","A new group of monsters has arrived to infest
the Pit of Screams and they seem to be
fighting with those already living there.",ui\00_message\quest\q60210001.gmd,\quest\q60210001.arc,q60210001.arc,3,Dian,Quest Dialogue
0,,"行き場を無くした魔物が
地上に溢れ出してくる前に
どうか争いを鎮めていただきたいのです","Please quell the conflict before the displaced
monsters spill onto the surface.",ui\00_message\quest\q60210001.gmd,\quest\q60210001.arc,q60210001.arc,4,Dian,Quest Dialogue
0,,"覚者様、無事のご帰還何よりです
井戸で暴れる魔物の咆哮、この祠にまで
遠く響いておりました","Ser Arisen, your safe return is joyous news.
The roars of the rampaging monsters in the well
have reached even this shrine from afar.",ui\00_message\quest\q60210001.gmd,\quest\q60210001.arc,q60210001.arc,5,Dian,Quest Dialogue
0,,"覚者様のお力により
魔物同士の諍いは一先ずの結着を見せたようです","Thanks to your strength, the conflict between
the monsters has reached an end.",ui\00_message\quest\q60210001.gmd,\quest\q60210001.arc,q60210001.arc,6,Dian,Quest Dialogue
0,,"此度もお力添えをいただき
感謝の念に堪えません
覚者様へのご恩に適うものではございませんが
こちらはお礼の品でございます","Your aid once more leaves me overcome with gratitude.
This humble gift can hardly repay my debt to you.
Arisen, please accept it as a token of my gratitude.",ui\00_message\quest\q60210001.gmd,\quest\q60210001.arc,q60210001.arc,7,Dian,Quest Dialogue
0,,"ふふ、勇敢なる覚者さん
討伐に行ってくれるのね","Hehe, how brave, Arisen.
You've come to slay it, haven't you?",ui\00_message\quest\q60211000.gmd,\quest\q60211000.arc,q60211000.arc,0,Nadia,Quest Dialogue
0,,"鎧が暴れている場所は
この町から東の方角よ
死体が多くて《屍のすすり泣く地》なんて
呼ばれているところなの――","The place the armor rampages lies East of this
town. It's called the Weeping Corpse Ground due
to all the bodies.",ui\00_message\quest\q60211000.gmd,\quest\q60211000.arc,q60211000.arc,1,Nadia,Quest Dialogue
0,,"あの場に染みついた死臭に導かれて
やってきた""空っぽのお客さん""――
貴方の手で動きを止めてやって","The undead are drawn by the stench of
death clinging to that place...
Please stop its movements by your own hands.",ui\00_message\quest\q60211000.gmd,\quest\q60211000.arc,q60211000.arc,2,Nadia,Quest Dialogue
0,,"《屍のすすり泣く地》は
ここから東へ行ったところよ",Weeping Corpse Ground is East of here.,ui\00_message\quest\q60211000.gmd,\quest\q60211000.arc,q60211000.arc,3,Nadia,Quest Dialogue
0,,"ふふ、貴方も屍の仲間入りをしないように
気を付けてね――","Hehe, be careful not to join the ranks of corpses.",ui\00_message\quest\q60211000.gmd,\quest\q60211000.arc,q60211000.arc,4,Nadia,Quest Dialogue
0,,"あら、お帰りなさい
無事あの鎧の動きを止めてくれたようね","Oh, welcome back. It seems you've stopped that
armor's movements safely.",ui\00_message\quest\q60211000.gmd,\quest\q60211000.arc,q60211000.arc,5,Nadia,Quest Dialogue
0,,"これで、この町に
""空っぽのお客さん""が来ることは無さそう――","With this, it seems no hollow ones
will be visiting this town.",ui\00_message\quest\q60211000.gmd,\quest\q60211000.arc,q60211000.arc,6,Nadia,Quest Dialogue
0,,"探求者たちの夢が集うここゾマを
守ってくれて感謝するわ
その力強さ――ロマンを感じるわ――ふふふ","Thank you for protecting Zoma, where seekers'
dreams gather. That strength, it feels...
Romantic... hehehe.",ui\00_message\quest\q60211000.gmd,\quest\q60211000.arc,q60211000.arc,7,Nadia,Quest Dialogue
0,,"ふふふ、本当に人が良いんだから――
会ったこともない若者の安否が
気になるなんてね","Hehe, you're too kind... 
Worrying about the well-being of a young
stranger you've never even met.",ui\00_message\quest\q60211001.gmd,\quest\q60211001.arc,q60211001.arc,0,Nadia,Quest Dialogue
0,,"あの人たちが向かったのは《幽玄の霊堂》よ
眠りにつくことができない死者たちが
彷徨い続ける古いカタコンベ――","They were headed for the Mysterious Mausoleum,
an old catacomb where those without rest
wander endlessly...",ui\00_message\quest\q60211001.gmd,\quest\q60211001.arc,q60211001.arc,1,Nadia,Quest Dialogue
0,,"もしもあの人たちを見つけたら
あのカタコンベは古すぎて
盗れる物なんて残ってないって伝えてあげて
生きていたらの話だけどね","If you find them, tell them that those catacombs
are far too old to have anything left worth stealing.
Assuming they're still alive, of course.",ui\00_message\quest\q60211001.gmd,\quest\q60211001.arc,q60211001.arc,2,Nadia,Quest Dialogue
0,,"《幽玄の霊堂》に葬られているのは
かなり前の年代の死者たちよ
彼らの命があった頃には
ザンドラはこんな姿ではなかったでしょうね","The Mysterious Mausoleum houses those who have
passed long ago. In their time, Zandora wasn't
the wretched place that it currently is.",ui\00_message\quest\q60211001.gmd,\quest\q60211001.arc,q60211001.arc,3,Nadia,Quest Dialogue
0,,"あら、あの若者たち
怖気づいて逃げ出していたのね","Oh my, those youngsters turned tail and ran. 
How... predictable.",ui\00_message\quest\q60211001.gmd,\quest\q60211001.arc,q60211001.arc,4,Nadia,Quest Dialogue
0,,"心に秘めたものを持たない人たちが
無事にこのザンドラ東部を抜けて
元いた場所に帰ることができるのかしら――","I wonder if those with nothing hidden in their hearts
can truly cross Zandora's eastern reaches and return
to where they came from?",ui\00_message\quest\q60211001.gmd,\quest\q60211001.arc,q60211001.arc,5,Nadia,Quest Dialogue
0,,"それはそうと、見知らぬ若者を
助けに行くお人よしさん
これは私からのお礼よ","Here, kind stranger chasing after lost youths,
a token of my gratitude.",ui\00_message\quest\q60211001.gmd,\quest\q60211001.arc,q60211001.arc,6,Nadia,Quest Dialogue
0,,"このゾマでは中々見られないものを
見せてくれたことに対する、ね――","Consider it thanks for showing me something
rarely seen in Zoma, alright?",ui\00_message\quest\q60211001.gmd,\quest\q60211001.arc,q60211001.arc,7,Nadia,Quest Dialogue
0,,"ディアマンテスが滅んだ今となっても
その思想に取りつかれた者は少なくありません
いつしか再起をはかろうと
そこかしこに息を潜めているのです","Even now that Diamantes has fallen, those
possessed by his ideology are not few in number.
They lie hidden, scattered...
Biding their time to rise again.",ui\00_message\quest\q60212000.gmd,\quest\q60212000.arc,q60212000.arc,0,Beatrix,Quest Dialogue
0,,"今回、彼らが《メルゴダ民の住居》へと
密かに集まっているのも
何かよからぬ企てをしているに違いありません","This time, their secret gathering at this particular
""Mergodan Residence"" surely signals some
nefarious scheme brewing between them.",ui\00_message\quest\q60212000.gmd,\quest\q60212000.arc,q60212000.arc,1,Beatrix,Quest Dialogue
0,,"再びこのメルゴダを過ちに
染めるわけにはまいりません
どうか彼らの企てを未然に防いでください","We cannot allow Melgoda to be tainted by 
wrong-doing once more. Please halt their scheme
before it can begin.",ui\00_message\quest\q60212000.gmd,\quest\q60212000.arc,q60212000.arc,2,Beatrix,Quest Dialogue
0,,"未だディアマンテスの思想に
傾倒する者がいる事実――
このメルゴダ居住区を管理する者として
胸を痛めているのです","The fact that there are still those who would dare
adhere to the ideals of Diamantes...
As one overseeing the Mergoda Residential Area,
this weighs heavily on my heart.",ui\00_message\quest\q60212000.gmd,\quest\q60212000.arc,q60212000.arc,3,Beatrix,Quest Dialogue
0,,"一体何が彼らを破滅へと向かわせるのか――
ディアマンテスの残した呪いとでも
いうべきものなのでしょうか
《メルゴダ民の住居》へ――どうかお願いします","What drives them toward ruin?
Is it some lingering curse left by Diamantes?
Please, go to the ""Mergodan Residence."" I beg of you.",ui\00_message\quest\q60212000.gmd,\quest\q60212000.arc,q60212000.arc,4,Beatrix,Quest Dialogue
0,,"地上の覚者よ
ディアマンテス派残党の企てを
未然に防いでくださったことに感謝いたします","Ser Arisen, I thank you for thwarting the
Diamantes remnants' scheme before it
could unfold.",ui\00_message\quest\q60212000.gmd,\quest\q60212000.arc,q60212000.arc,5,Beatrix,Quest Dialogue
0,,"私の口から申し上げるのも辛いのですが
恐らくディアマンテスに傾倒した者たちは
まだ数多くこのメルゴダに潜んでいることでしょう","It pains me to say it, but many who follow
Diamantes likely still lurk within Mergoda.",ui\00_message\quest\q60212000.gmd,\quest\q60212000.arc,q60212000.arc,6,Beatrix,Quest Dialogue
0,,"また彼らが集うことがあれば
どうか再びその力を貸してください","Should they gather again, please
lend your strength once more.",ui\00_message\quest\q60212000.gmd,\quest\q60212000.arc,q60212000.arc,7,Beatrix,Quest Dialogue
0,,"引き受けてくださるのですね、地上の覚者よ
ならば私も、この事態の背景をご説明しましょう","You will accept then, Ser Arisen? 
Then I shall explain the history of the matter.",ui\00_message\quest\q60212001.gmd,\quest\q60212001.arc,q60212001.arc,0,Beatrix,Quest Dialogue
0,,"かつてディアマンテスに傾倒した女性技師が
とある井戸を《秘匿の実験場》として
頻繁に出入りしていたことは、以前お話した通りです","As I had mentioned, there was a female technician
obsessed with Diamantes who frequently used a well
as a Hidden Observatory.",ui\00_message\quest\q60212001.gmd,\quest\q60212001.arc,q60212001.arc,1,Beatrix,Quest Dialogue
0,,"彼女は人を――魔物に化すための研究に
夢中になっていたようなのです――
恐らくディアマンテスの成さんと
していたことを彼女なりに模したのでしょう","She was deep into research about transforming
people into monsters. Likely an attempt recreate
what she believed Diamantes accomplished.",ui\00_message\quest\q60212001.gmd,\quest\q60212001.arc,q60212001.arc,2,Beatrix,Quest Dialogue
0,,"これは憶測に過ぎませんが
《秘匿の実験場》でもそのための実験が
繰り返されていたに違いありません","Pure speculation, but the Hidden Observatory was
most likely the site where she conducted
experiments for that purpose.",ui\00_message\quest\q60212001.gmd,\quest\q60212001.arc,q60212001.arc,3,Beatrix,Quest Dialogue
0,,"あそこには彼女に""造られた""魔物たちが
数多く眠っているはずです",The monsters she created must be slumbering there in great numbers.,ui\00_message\quest\q60212001.gmd,\quest\q60212001.arc,q60212001.arc,4,Beatrix,Quest Dialogue
0,,"今回活動しはじめた気配の主も
そのような存在でしょう
脅威であり、哀れでもあるかの者に
再びの眠りを与えてやってください――","A presence has been made known to be one such being.
It is a threat as much as it is a pity.
May you grant it slumber once more.",ui\00_message\quest\q60212001.gmd,\quest\q60212001.arc,q60212001.arc,5,Beatrix,Quest Dialogue
0,,"《秘匿の実験場》には
魔物と変えられた者たちが
今も数多く眠っているはずです――","There must be many of those, transformed
into monsters, still slumbering at the
Hidden Observatory.",ui\00_message\quest\q60212001.gmd,\quest\q60212001.arc,q60212001.arc,6,Beatrix,Quest Dialogue
0,,"今回活動を再開したものに
再びの眠りを与えてやってください",Grant slumber once more to the one that stirs.,ui\00_message\quest\q60212001.gmd,\quest\q60212001.arc,q60212001.arc,7,Beatrix,Quest Dialogue
0,,"ああ、強大な気配が
動きを止めるのを感じました
つかの間の眠りについたことでしょう","I felt a mighty presence cease its movement,
likely having fallen into a deep slumber.",ui\00_message\quest\q60212001.gmd,\quest\q60212001.arc,q60212001.arc,8,Beatrix,Quest Dialogue
0,,"地上の覚者よ、いつもこのメルゴダの地に
手を差し伸べてくれること
心から感謝しています","Ser Arisen, I sincerely thank you for always
extending a helping hand to the land of Mergoda.",ui\00_message\quest\q60212001.gmd,\quest\q60212001.arc,q60212001.arc,9,Beatrix,Quest Dialogue
0,,"少量ながら礼を用意しました
メルゴダ居住区を代表する者として
そして安らぎを与えられた者の代理人として――","As a representative of Mergoda Residential Area
and an agent of those granted peace, I have
prepared a small token of gratitude.",ui\00_message\quest\q60212001.gmd,\quest\q60212001.arc,q60212001.arc,10,Beatrix,Quest Dialogue
0,,"準備は万端か？
よし、ではもう一度任務内容を
説明しておこう","Are preparations complete?
Good. Then let me run through
the mission anew.",ui\00_message\quest\q60213000.gmd,\quest\q60213000.arc,q60213000.arc,0,Bertrand,Quest Dialogue
0,,"調査対象は、この拠点から南西の
海岸沿いにある古い地下聖堂のような場所だ","The target lies on the coast southwest of this
location — a place resembling an aged
underground cathedral.",ui\00_message\quest\q60213000.gmd,\quest\q60213000.arc,q60213000.arc,1,Bertrand,Quest Dialogue
0,,"俺たちは《せせらぎの地下聖堂》と
呼んでいるが――
内部に引かれた水路のせいか
一種おごそかな雰囲気が漂っている","We call it the Crypt of Murmurs — 'tis the
waterways running through its depths, mayhap,
that lend it a solemn air.",ui\00_message\quest\q60213000.gmd,\quest\q60213000.arc,q60213000.arc,2,Bertrand,Quest Dialogue
0,,"この島には珍しく、文化的な造形物が
数多く残されているのが特徴だ
詳しく調査すれば何か得るものが
あるかもしれん","'Tis rare for this isle — numerous cultural
artifacts yet abide. A thorough investigation may
well yield aught of worth.",ui\00_message\quest\q60213000.gmd,\quest\q60213000.arc,q60213000.arc,3,Bertrand,Quest Dialogue
0,,"奥には危険な魔物が
潜んでいることを確認している
十分に注意して調査に向かってくれ","We've confirmed hazardous monsters lurk in the
depths. Be wary as you investigate.",ui\00_message\quest\q60213000.gmd,\quest\q60213000.arc,q60213000.arc,4,Bertrand,Quest Dialogue
0,,"《せせらぎの地下聖堂》の
調査は進んでいるか？","How fares the investigation of the
Crypt of Murmurs?",ui\00_message\quest\q60213000.gmd,\quest\q60213000.arc,q60213000.arc,5,Bertrand,Quest Dialogue
0,,"この島には珍しく
女神像や彫刻入りの柱といった人工物が
多数残されている地下水路だ
何か得るものがあるかもしれん","An underground waterway where, rare for this
isle, numerous artificial structures yet abide —
goddess statues, carved pillars, and the like.
There may be aught to be gained.",ui\00_message\quest\q60213000.gmd,\quest\q60213000.arc,q60213000.arc,6,Bertrand,Quest Dialogue
0,,"内部は危険度の高い魔物が
徘徊していることを確認している
雰囲気に呑まれて気を抜かんようにな","We've confirmed hazardous monsters prowling the
interior. Do not let the atmosphere draw you in —
keep your wits about you.",ui\00_message\quest\q60213000.gmd,\quest\q60213000.arc,q60213000.arc,7,Bertrand,Quest Dialogue
0,,"ふむ、奥まで行っても
手がかりになりそうなものは
見つからなかったか――","Hmm. So e'en the depths yielded naught that
might serve as a clue—",ui\00_message\quest\q60213000.gmd,\quest\q60213000.arc,q60213000.arc,8,Bertrand,Quest Dialogue
0,,"だが、奥にあったという祭壇や
最深部の広場の様子からして
あの建築物が聖堂として
使われていたことはほぼ確実だろう","Yet the altar said to lie within, and the aspect
of the plaza at the depths — 'tis nigh certain
the structure served as a cathedral.",ui\00_message\quest\q60213000.gmd,\quest\q60213000.arc,q60213000.arc,9,Bertrand,Quest Dialogue
0,,"この島には元々、川や湖、あるいは木々――
自然の中に存在する何かを
尊ぶ文化があったのかもしれんな","Mayhap this island once harboured a culture that
revered aught within nature — rivers, lakes,
the very trees themselves.",ui\00_message\quest\q60213000.gmd,\quest\q60213000.arc,q60213000.arc,10,Bertrand,Quest Dialogue
0,,"おお、引き受けてくれるか！
いつも厄介な任務を任せてすまんな","Ha, you'll take it on! My apologies — always
saddling you with the thorny tasks.",ui\00_message\quest\q60213001.gmd,\quest\q60213001.arc,q60213001.arc,0,Bertrand,Quest Dialogue
0,,"今回の討伐対象は《翼風高原》に現れた
侵食ゴアサイクロプスだが、
こいつがまた派手に侵食が進んだ個体だ","The target this time: an Infected
Gorecyclops at Galewing Plateau — one where the
infection has advanced strikingly far.",ui\00_message\quest\q60213001.gmd,\quest\q60213001.arc,q60213001.arc,1,Bertrand,Quest Dialogue
0,,"""侵食核""って呼び名らしいが
とにかく頭にイバラみたいなものを
２本も生やしてやがる","""Infected growths,"" they call it. The damn
thing's sprouted two thorn-like
growths on its head.",ui\00_message\quest\q60213001.gmd,\quest\q60213001.arc,q60213001.arc,2,Bertrand,Quest Dialogue
0,,"あれは体に回りきった毒が
行き場を失って噴き出したような状態だ
危険度のバロメータと考えても良いだろう","Poison's run its course through the body, found
nowhere to vent, and burst forth. Think it
a barometer of the danger.",ui\00_message\quest\q60213001.gmd,\quest\q60213001.arc,q60213001.arc,3,Bertrand,Quest Dialogue
0,,"侵食が進んだ魔物の凶暴性が増すのは
前に説明した通りだが
あそこまで侵食が進んでしまうと
もう別種の魔物と考えた方がいいだろうな――","Infected monsters grow more ferocious, as
explained prior. Once the infection advances that
far, 'tis best to regard it as another species
of monster entirely—",ui\00_message\quest\q60213001.gmd,\quest\q60213001.arc,q60213001.arc,4,Bertrand,Quest Dialogue
0,,"警戒しておくに越したことはない相手だ
いつもの討伐任務だと思わずに
気を緩めることのないよう向かってくれ","You'd do well to observe this foe. Don't mistake
it for a routine extermination mission. Proceed —
and do not slacken your guard, ser.",ui\00_message\quest\q60213001.gmd,\quest\q60213001.arc,q60213001.arc,5,Bertrand,Quest Dialogue
0,,"《翼風高原》に現れた
侵食ゴアサイクロプスはもう見たか？","Seen the Infected Gorecyclops on
Galewing Plateau yet, ser?",ui\00_message\quest\q60213001.gmd,\quest\q60213001.arc,q60213001.arc,6,Bertrand,Quest Dialogue
0,,"体に生えたイバラのようなものは
""侵食核""といって、体に回りきった毒が
行き場を失って噴き出したような状態だ","The thorn-like growths on its body — ""infected
growths,"" they're called. Poison's circulated
through its system, found no outlet, and erupted.",ui\00_message\quest\q60213001.gmd,\quest\q60213001.arc,q60213001.arc,7,Bertrand,Quest Dialogue
0,,"いつもの討伐任務だと思わずに
気を緩めることのないよう討伐に向かってくれ","Do not mistake this for a routine subjugation
duty. Head to the extermination — and don't
slacken your guard, ser.",ui\00_message\quest\q60213001.gmd,\quest\q60213001.arc,q60213001.arc,8,Bertrand,Quest Dialogue
0,,"あの状態になった侵食ゴアサイクロプスを
軽く倒してくるとは、さすがだな！","To handily fell an Infected Gorecyclops in that
state... impressive, ser.",ui\00_message\quest\q60213001.gmd,\quest\q60213001.arc,q60213001.arc,9,Bertrand,Quest Dialogue
0,,"今回の件で、侵食が進んだ敵が相手であっても
調査隊の戦力で討伐が
可能であるということがわかった
調査隊全体の士気向上にもつながるだろう！","This affair's proven the Expedition Team can
exterminate foes even when the infection's far
advanced. 'Twill lift morale across
the whole team!",ui\00_message\quest\q60213001.gmd,\quest\q60213001.arc,q60213001.arc,10,Bertrand,Quest Dialogue
0,,"準備は万端か？
今回の討伐対象は、ただでさえ
危険度の高いベヘモットが
侵食作用によって凶暴化した相手だからな","Preparations complete, ser? This extermination
target — a Behemoth, hazardous enow on its own,
now driven feral by the infection's encroachment.",ui\00_message\quest\q60213002.gmd,\quest\q60213002.arc,q60213002.arc,0,Bertrand,Quest Dialogue
0,,"おまけにヤツが潜む場所も
菌胞がべったりの《菌糸の襲窟》だ
抗侵薬は多めに持って損は無いぞ","To say naught of its lair — the Fungal Colony
Caves, blanketed in spores. Carry extra
Corruption Preventatives. 'Twill
not go to waste, ser.",ui\00_message\quest\q60213002.gmd,\quest\q60213002.arc,q60213002.arc,1,Bertrand,Quest Dialogue
0,,"本当なら俺も同行して共に戦いたいんだが
調査隊監督兼エリアマスターというのは
やりがいはあっても
こういう時に自由がききにくくてな――","Truth be told, I'd fight beside you. But the post
of Expedition Team Overseer and Area Master —
rewarding though it is — binds my hands at
times like these, ser—",ui\00_message\quest\q60213002.gmd,\quest\q60213002.arc,q60213002.arc,2,Bertrand,Quest Dialogue
0,,すまんが、任せたぞ！,"My apologies, ser. The task falls to you.",ui\00_message\quest\q60213002.gmd,\quest\q60213002.arc,q60213002.arc,3,Bertrand,Quest Dialogue
0,,"おお、やってくれたか！
これでヤツも少しの間は
大人しくしていることだろう","Ha, you've done it! That'll keep the brute
docile for a spell, ser.",ui\00_message\quest\q60213002.gmd,\quest\q60213002.arc,q60213002.arc,4,Bertrand,Quest Dialogue
0,,"怪我をした隊士への何よりの見舞い話になるな
エリアマスターとして
――調査隊監督として礼を言おう！","The best tidings the wounded could hear. As Area
Master — as Expedition Team Overseer — I
proffer my thanks, ser.",ui\00_message\quest\q60213002.gmd,\quest\q60213002.arc,q60213002.arc,5,Bertrand,Quest Dialogue
0,,"菌胞だらけの《菌糸の襲窟》に潜む
侵食ベヘモットの討伐だからな
抗侵薬は多めに持っていくにこしたことはないだろう
すまんが、任せたぞ！","An Infected Behemoth extermination in the
spore-laden Fungal Colony Caves. Carry extra
Corruption Preventatives — 'twill not go to
waste, ser. My apologies. The task falls to you.",ui\00_message\quest\q60213002.gmd,\quest\q60213002.arc,q60213002.arc,6,Bertrand,Quest Dialogue
0,,"実は、あなたにエンナと話をして
きていただきたいのです――
旅人であるあなたになら、エンナも悩み事を
打ち明けるかもしれません","In truth, I would ask you to speak with Enna—
Mayhap, to a wayfarer such as you, she'll confide
the worries she keeps locked away.",ui\00_message\quest\q60214000.gmd,\quest\q60214000.arc,q60214000.arc,0,Muirgel,Quest Dialogue
0,,"何か思い悩んでいるようなんですけど
わたしやディリスが訪ねても何も話さないんです
難しい年頃なのかしら――","She seems burdened by aught, yet she'll not
speak a word of it — not to me, nor to Dílis.
Mayhap 'tis simply a difficult phase...",ui\00_message\quest\q60214000.gmd,\quest\q60214000.arc,q60214000.arc,1,Muirgel,Quest Dialogue
0,,"エンナはつらい思いをして
このエランへ逃げてきた子です
――どうか、話を聞いてやってください","Enna fled to Elan bearing wounds unseen. I
entreat you — please, hear her story.",ui\00_message\quest\q60214000.gmd,\quest\q60214000.arc,q60214000.arc,2,Muirgel,Quest Dialogue
0,,"えっ、ミューセルさんが
ボクのことを心配してくれてるの？",Eh? Muirgel's... worried about me?,ui\00_message\quest\q60214000.gmd,\quest\q60214000.arc,q60214000.arc,3,Enna,Quest Dialogue
0,,うぅん――ボクが悩んでるのは――,Mm... what troubles me is...,ui\00_message\quest\q60214000.gmd,\quest\q60214000.arc,q60214000.arc,4,Enna,Quest Dialogue
0,,"あのね、覚者さん
ミューセルさんが直したがってる
《忘却の廃村》への道なんだけど――","Say, Ser Arisen... Muirgel wants to mend the path
to the Forgotten Abandoned Village, but—",ui\00_message\quest\q60214000.gmd,\quest\q60214000.arc,q60214000.arc,5,Enna,Quest Dialogue
0,,"あの道がなかなか直せないのは
ワーグがいっぱいいるからなんだ
ディリスもすごく困ってるって言ってたよ","That path... 'tis not easily mended. Wargs swarm
it, see. Dílis... she said she's sorely
troubled by it, too.",ui\00_message\quest\q60214000.gmd,\quest\q60214000.arc,q60214000.arc,6,Enna,Quest Dialogue
0,,"ボクもなんとかお手伝いしたいんだけど
やっぱりワーグは怖くって――
ボクがダナの戦士だったらよかったのにって
そんなことをずっと考えてたんだ","I... I dearly wish to help, truly. But wargs...
they terrify me— If only I were a warrior of
Dana... such thoughts... I've been
thinking them for so long...",ui\00_message\quest\q60214000.gmd,\quest\q60214000.arc,q60214000.arc,7,Enna,Quest Dialogue
0,,"ねぇ、覚者さん
《<SPOT 929>》にいっぱいいるワーグを
退治してきてもらえないかなぁ","Say, Ser Arisen... would you... would you mind
exterminating the wargs infesting <SPOT 929>...?",ui\00_message\quest\q60214000.gmd,\quest\q60214000.arc,q60214000.arc,8,Enna,Quest Dialogue
0,,"本当はボクがワーグをやっつけられたら
いいんだけど、怖くって――","I dearly wish I could fell the wargs
myself... but I'm afeard—",ui\00_message\quest\q60214000.gmd,\quest\q60214000.arc,q60214000.arc,9,Enna,Quest Dialogue
0,,"覚者さんが《<SPOT 929>》にいるワーグを
退治してきてくれたら、ミューセルさんも
ディリスも、それからボクもすごく嬉しいよ","Should you fell the wargs at <SPOT 929>... Muirgel would
rejoice. Dílis, too. And... I... I would be
e'er so glad as well.",ui\00_message\quest\q60214000.gmd,\quest\q60214000.arc,q60214000.arc,10,Enna,Quest Dialogue
0,,"わぁ！　ワーグをやっつけてくれたんだね
本当にありがとう！","Wah! You... you felled the wargs, didn't
you? Truly... thank you!",ui\00_message\quest\q60214000.gmd,\quest\q60214000.arc,q60214000.arc,11,Enna,Quest Dialogue
0,,"覚者さん、かっこいいなぁ――
ボクも大きくなったら、おばあちゃんや
ディリスやミューセルさんを守れるようになりたいな","Ser Arisen... you're so... so gallant— When I'm
grown, I... I want to be able to protect
Grandmother, Dílis, and Muirgel too.",ui\00_message\quest\q60214000.gmd,\quest\q60214000.arc,q60214000.arc,12,Enna,Quest Dialogue
0,,"あぁ、どうしましょう――
実は、《<SPOT 931>》へと調査に行って
いただいた方の消息が途絶えてしまったのです――","Ah, what are we to do— In truth, word has ceased
from the one dispatched to survey <SPOT 931>...",ui\00_message\quest\q60214001.gmd,\quest\q60214001.arc,q60214001.arc,0,Muirgel,Quest Dialogue
0,,"まだ、調査に行くには早かったのでしょうか――
どこかで救助を必要としているかもしれません","'Twas perchance still too early to venture forth
on our investigation—mayhap somewhere, there are
those yet in need of succor.",ui\00_message\quest\q60214001.gmd,\quest\q60214001.arc,q60214001.arc,1,Muirgel,Quest Dialogue
0,,"知り合いの戦士たちに急ぎ連絡をとらなければ！
申し訳ございませんが、ご用はディリスに
お申し付けくださいませ――","I must urgently contact the warriors! Forgive me,
but please — bring any business to Dílis instead—",ui\00_message\quest\q60214001.gmd,\quest\q60214001.arc,q60214001.arc,2,Muirgel,Quest Dialogue
0,,"わたしは《<SPOT 931>》への救助に
向かってくれそうな戦士たちに
急ぎ連絡を取らねばなりません","I must needs make haste to contact warriors
willing to undertake the rescue at <SPOT 931>.",ui\00_message\quest\q60214001.gmd,\quest\q60214001.arc,q60214001.arc,3,Muirgel,Quest Dialogue
0,,"申し訳ございませんが、ご用はディリスに
お申し付けくださいませ――","Forgive me, but I must ask you to bring any
business to Dílis instead—",ui\00_message\quest\q60214001.gmd,\quest\q60214001.arc,q60214001.arc,4,Muirgel,Quest Dialogue
0,,"なるほど、ミューセルが手配したか――
何？　話を聞いて自発的に
助けにきてくれたというのか！？
い、異国の覚者というのはお人よしなのだな","I see... so Muirgel arranged this— What? You
heard the tale and came of your own accord!?
Hah... a foreign Arisen... you're a soft-hearted
sort, aren't you, ser.",ui\00_message\quest\q60214001.gmd,\quest\q60214001.arc,q60214001.arc,5,Glenis,Quest Dialogue
0,,"お人よしのおかげで、何とか無事に帰れそうだ
助かったよ、礼を言おう","Thanks to your kindness... it seems we'll return
safely. You've saved me. Let me offer my thanks.",ui\00_message\quest\q60214001.gmd,\quest\q60214001.arc,q60214001.arc,6,Glenis,Quest Dialogue
0,,"そうだ――
せっかくだから、この辺りだけでも
軽く調査して帰ることにする
ミューセルにはお前から言っておいてくれ","Right then— Since I'm here, I'll survey the
vicinity afore returning. You tell Muirgel for me.",ui\00_message\quest\q60214001.gmd,\quest\q60214001.arc,q60214001.arc,7,Glenis,Quest Dialogue
0,,"お前には助けられたな――
礼を言おう","You've my thanks, ser— I'm in your debt.",ui\00_message\quest\q60214001.gmd,\quest\q60214001.arc,q60214001.arc,8,Glenis,Quest Dialogue
0,,"え！？
グリニスを助けてきてくださったんですか！？
あ、ありがとうございます――！","Eh!? You... you rescued Glenis!? Ah, thank you—!",ui\00_message\quest\q60214001.gmd,\quest\q60214001.arc,q60214001.arc,9,Muirgel,Quest Dialogue
0,,"わたしの考えが甘かったせいで
幼馴染みに大ケガでもさせたのかと
焦ってしまいましたわ――","'Twas my own naive thinking... I grew frantic,
fearing I might've brought grievous harm upon
my childhood friend....",ui\00_message\quest\q60214001.gmd,\quest\q60214001.arc,q60214001.arc,10,Muirgel,Quest Dialogue
0,,"きちんとお願いもしていなかったというのに
手を貸してくださって、本当に感謝しています
――これからは困ったことがあれば
正式に依頼させていただきますね","Even though I hadn't so much as properly asked,
you still lent your aid — truly, I am deeply
beholden. Henceforth, should any difficulty
arise, I shall be sure to make a
formal request of you.",ui\00_message\quest\q60214001.gmd,\quest\q60214001.arc,q60214001.arc,11,Muirgel,Quest Dialogue
0,,"討伐をお引き受けくださるのですね！
ありがとうございます――","So you'll undertake the mission,
then! Thank you.",ui\00_message\quest\q60214002.gmd,\quest\q60214002.arc,q60214002.arc,0,Muirgel,Quest Dialogue
0,,"聖域から流れ込んだとみられる強力な魔物が
森に現れてからというもの
森の魔物が活性化してきてしまって――","E'er since a powerful monster — believed to have
strayed from the Sacred Grounds — appeared in the
forest, the monsters there
have become invigorated—",ui\00_message\quest\q60214002.gmd,\quest\q60214002.arc,q60214002.arc,1,Muirgel,Quest Dialogue
0,,"おそらく、これまでの棲みかを追われたり
縄張り争いをしたりするせいでしょう","'Tis most likely they've been driven from their
former lairs, or drawn into territorial disputes.",ui\00_message\quest\q60214002.gmd,\quest\q60214002.arc,q60214002.arc,2,Muirgel,Quest Dialogue
0,,"この騒動が拡大する前に
聖域の魔物を抑え込まねば、手の付けられない
状態になる可能性すらあります――","Ere this turmoil spreads further, the monsters of
the Sacred Grounds must be contained. Should we
fail, 'tis not beyond possibility the situation
may become altogether unmanageable—",ui\00_message\quest\q60214002.gmd,\quest\q60214002.arc,q60214002.arc,3,Muirgel,Quest Dialogue
0,,"ちょうどディリスが聖域の魔物を
目撃したとのこと――
彼女に聞けば、どこに魔物がいるかを
詳しく教えてくれることでしょう","'Tis said Dílis has just witnessed a monster in
the Sacred Grounds — should you inquire of her,
she'll tell you in detail where the
beasts are to be found.",ui\00_message\quest\q60214002.gmd,\quest\q60214002.arc,q60214002.arc,4,Muirgel,Quest Dialogue
0,,"覚者様、どうか――かの魔物の討伐を
お願いいたします","Ser Arisen, I beg of you — pray, see to the
subjugation of that monster.",ui\00_message\quest\q60214002.gmd,\quest\q60214002.arc,q60214002.arc,5,Muirgel,Quest Dialogue
0,,"ちょうどディリスが聖域の魔物を
目撃したとのこと――
彼女に聞けば、どこに魔物がいるかを
詳しく教えてくれることでしょう","It so happens that Dílis witnessed a monster in
the Sacred Grounds — should you ask her, she will
surely tell you in detail where the
creature may be found.",ui\00_message\quest\q60214002.gmd,\quest\q60214002.arc,q60214002.arc,6,Muirgel,Quest Dialogue
0,,"ええ、わかってるわ
聖域の魔物のことでしょう？","Aye... I understand. The monsters of the Sacred
Grounds... is that what you mean?",ui\00_message\quest\q60214002.gmd,\quest\q60214002.arc,q60214002.arc,7,Dílis,Quest Dialogue
0,,"わたし、白くて大きな魔物を見たの
木陰から少し覗き見たくらいなんだけど
ちょっと神々しいくらいにきれいだったわ
でも、すごく怖かった――","I saw a monster — white, and large...
Only stole a glimpse from the shade
of the trees, mind...
'Twas beautiful... near divine, even.
But 'twas terribly frightening —",ui\00_message\quest\q60214002.gmd,\quest\q60214002.arc,q60214002.arc,8,Dílis,Quest Dialogue
0,,"あの魔物はそのあと飛び立って
《<STG 815>》の辺りに
舞い降りたみたい","That monster took flight thereafter... 'tis said
it alighted near [<STG 815>].",ui\00_message\quest\q60214002.gmd,\quest\q60214002.arc,q60214002.arc,9,Dílis,Quest Dialogue
0,,"魔物がまた飛び去っちゃう前に
討伐してきてね――お願いよ！","Before the monster flies off again, go vanquish
it—pray, do this for me!",ui\00_message\quest\q60214002.gmd,\quest\q60214002.arc,q60214002.arc,10,Dílis,Quest Dialogue
0,,"わたしが見た白い魔物は
《<STG 815>》の辺りに
舞い降りたみたい","The white monster I saw... 'tis said
it alighted near <STG 815>.",ui\00_message\quest\q60214002.gmd,\quest\q60214002.arc,q60214002.arc,11,Dílis,Quest Dialogue
0,,"魔物がまた飛び去っちゃう前に
討伐してきてね――お願いよ！","Ere the monster flies off anew, go vanquish
it—pray, do this for me!",ui\00_message\quest\q60214002.gmd,\quest\q60214002.arc,q60214002.arc,12,Dílis,Quest Dialogue
0,,"聖域の魔物を倒してきてくれたのね！
本当にありがとう
これでエランの魔物たちも少しは
落ち着いてくれるはず――","You've slain the monsters of the Sacred Grounds!
Truly, thank you.
Now Elan's creatures should settle somewhat...",ui\00_message\quest\q60214002.gmd,\quest\q60214002.arc,q60214002.arc,13,Dílis,Quest Dialogue
0,,"お姉様にはわたしが報告しておくわ
ちゃんと、あなたが倒してきてくれたって
言っておくからね！","I'll report to my elder sister—
I'll see she hears 'twas you who felled it.
I'll make certain of it!",ui\00_message\quest\q60214002.gmd,\quest\q60214002.arc,q60214002.arc,14,Dílis,Quest Dialogue
0,,"これは、少しだけどお礼よ
最近手に入れた物資なの――
あなたの役に立つかと思って","This is but a small token of thanks.
'Tis supplies I recently came by—
I thought they might serve you...",ui\00_message\quest\q60214002.gmd,\quest\q60214002.arc,q60214002.arc,15,Dílis,Quest Dialogue
0,,"そうそう、ディリスが覚者様に
話したいことがあるとか――
どうかお耳を貸してやってくださいませ","Ah, Dílis has aught she wishes to say to
you, Ser Arisen— Pray, would you
lend her your ear?",ui\00_message\quest\q60214003.gmd,\quest\q60214003.arc,q60214003.arc,0,Muirgel,Quest Dialogue
0,,"ねぇ、ディリス
覚者様が話を聞いてくださるそうよ","Now then, Dílis — Ser Arisen has agreed to
hear what you would say.",ui\00_message\quest\q60214003.gmd,\quest\q60214003.arc,q60214003.arc,1,Muirgel,Quest Dialogue
0,,"ディリスが覚者様に
話したいことがあるとか――
どうかお耳を貸してやってくださいませ","Ah, and Dílis has aught she wishes to say to
you, Ser Arisen— Pray, would you
lend her your ear?",ui\00_message\quest\q60214003.gmd,\quest\q60214003.arc,q60214003.arc,2,Muirgel,Quest Dialogue
0,,"時間をとってくださって
ありがとうございます、覚者様","Thank you for your time, Ser Arisen.",ui\00_message\quest\q60214003.gmd,\quest\q60214003.arc,q60214003.arc,3,Dílis,Quest Dialogue
0,,"え？　やけにかしこまってるって――？
実は――お願いしたいことがあって――","Eh? I'm being awfully formal...?
Well... there's aught I'd ask of you...",ui\00_message\quest\q60214003.gmd,\quest\q60214003.arc,q60214003.arc,4,Dílis,Quest Dialogue
0,,"今回、ミューセルお姉様の働きかけで
エラン大門を開くことになったでしょう？
でも、きっといいことばかりじゃないと思うの","This time, the Elan Front Gate was opened thanks
to sister Muirgel's efforts, was it not?
But I fear... 'twill not all be for the good.",ui\00_message\quest\q60214003.gmd,\quest\q60214003.arc,q60214003.arc,5,Dílis,Quest Dialogue
0,,"急に門が開いたことで
しばらくは魔物も入り込んでくるはず――
そう思って、わたし――","With the gate thrown open of a sudden...
monsters'll be slipping in for a spell, I'd wager—
Thinking as much... I...",ui\00_message\quest\q60214003.gmd,\quest\q60214003.arc,q60214003.arc,6,Dílis,Quest Dialogue
0,,"わたし、内緒でグリニスさんに
《<SPOT 934>》に入り込んでくる魔物の
討伐をお願いしたの！
――そうしたら、グリニスさんが帰ってこないの","I secretly asked Glenis to take care of the
monsters slipping into <SPOT 934>!
... But then Glenis ne'er came back.",ui\00_message\quest\q60214003.gmd,\quest\q60214003.arc,q60214003.arc,7,Dílis,Quest Dialogue
0,,"お願い、グリニスさんを迎えにいって！
もしも魔物に襲われていたら助けてあげて！
こんなこと、あなたにしか頼めなくて――","Please — go get Glenis!
If monsters have set upon her... save her!
A thing like this... I've no one else to ask —",ui\00_message\quest\q60214003.gmd,\quest\q60214003.arc,q60214003.arc,8,Dílis,Quest Dialogue
0,,"グリニスさんは《<SPOT 934>》に
向かってから帰ってこないの――
お願い、迎えにいってあげて！
魔物に襲われてるかもしれないわ――","Glenis hasn't returned since she headed for
<SPOT 934>— 
​Please, go after her... bring her back!
She may have been set upon by monsters...",ui\00_message\quest\q60214003.gmd,\quest\q60214003.arc,q60214003.arc,9,Dílis,Quest Dialogue
0,,"くっ――
私としたことが敵の罠にはまってしまった――
結界のせいで身動きがとれずにこのザマだ
封印を解いて助けてくれ！","Hngh— To think I of all people fell into their
trap... The barrier binds me fast, leaves me
helpless in this state— Break the seal... help me!",ui\00_message\quest\q60214003.gmd,\quest\q60214003.arc,q60214003.arc,10,Glenis,Quest Dialogue
0,,"結界を張る護符が周囲にあるはずだ
それを全て破壊すれば――
！！　――魔物だ！　気をつけろ！","Warding talismans should be scattered about the
perimeter— Shatter them all, and— !! —
Monsters! On your guard!",ui\00_message\quest\q60214003.gmd,\quest\q60214003.arc,q60214003.arc,11,Glenis,Quest Dialogue
0,,"結界を張るための護符が周囲にあるはずだ
それを全て破壊してくれ！","Warding talismans maintaining the barrier should
be scattered about the perimeter—destroy them all!",ui\00_message\quest\q60214003.gmd,\quest\q60214003.arc,q60214003.arc,12,Glenis,Quest Dialogue
0,,"助かった！　礼を言う！
私を罠にはめた魔物たちは
この先にいる――ついてきてくれ！","Phew! You have my thanks!
The monsters who trapped me—they're just ahead.
Come with me!",ui\00_message\quest\q60214003.gmd,\quest\q60214003.arc,q60214003.arc,13,Glenis,Quest Dialogue
0,,"ふぅ――何とか撃退できたな――
最近、フィンダム各地で
こういった妙な護符を持った魔物が
出没しているようだ","Hah—... Managed to drive them off, somehow— 
Of late... monsters bearing queer
talismans like these...
Have been sighted across Phindym...",ui\00_message\quest\q60214003.gmd,\quest\q60214003.arc,q60214003.arc,14,Glenis,Quest Dialogue
0,,"本来、魔物が持つような代物ではないだろう
こんなもの――
何者かが入れ知恵をしているのか――？","'Tis not the sort of thing a monster would
naturally possess...
A thing like this— Has someone been
putting them up to it...?",ui\00_message\quest\q60214003.gmd,\quest\q60214003.arc,q60214003.arc,15,Glenis,Quest Dialogue
0,,"それはさておき、多分お前は<NPC 559>に
泣きつかれて私を助けに来たんじゃないか？
早く戻って、無事を報告してやってくれ
一応、私も後で顔は出すとしよう","Be that as it may... <NPC 559> likely came to you in
tears, begging you to save me — am I wrong?
Return at once... set her mind at ease
with word of my safety.
I shall... show my face there myself, in time.",ui\00_message\quest\q60214003.gmd,\quest\q60214003.arc,q60214003.arc,16,Glenis,Quest Dialogue
0,,"多分お前は<NPC 559>に
泣きつかれて私を助けに来たんじゃないか？
早く戻って、無事を報告してやってくれ
一応、私も後で顔は出すとしよう","Be that as it may... <NPC 559> came to you in tears,
begging you to save me — did she not?
Return at once... put her mind at ease
with word of my safety.
I shall... show my face there myself, in time.",ui\00_message\quest\q60214003.gmd,\quest\q60214003.arc,q60214003.arc,17,Glenis,Quest Dialogue
0,,"よ、よかった――！
グリニスさんが無事で――
覚者様、本当に、本当にありがとうございます！","Th-thank goodness...!
Glenis... she's safe...
Ser Arisen... truly, truly... thank you!",ui\00_message\quest\q60214003.gmd,\quest\q60214003.arc,q60214003.arc,18,Dílis,Quest Dialogue
0,,"気を利かせたつもりが
もう少しで大変なことになるところだったわ
今、心から反省しているところなの――","I thought I was being helpful—
It almost became a fell disaster.
Now, I'm truly regretting it all...",ui\00_message\quest\q60214003.gmd,\quest\q60214003.arc,q60214003.arc,19,Dílis,Quest Dialogue
0,,"エラン水林とお姉様のお役に立つために
もっと思慮深く、賢くならなくちゃ――","To serve the Elan Water Grove and my elder
sister... I must grow more
thoughtful, more wise...",ui\00_message\quest\q60214003.gmd,\quest\q60214003.arc,q60214003.arc,20,Dílis,Quest Dialogue
0,,"行ってくださるのですね！
かつてエランにあった村を滅ぼした元凶である
フィンダーエントの討伐に――","So you will go...!
To vanquish the Phindymian Ent—the very bane that
destroyed the village that once stood in Elan—",ui\00_message\quest\q60214004.gmd,\quest\q60214004.arc,q60214004.arc,0,Muirgel,Quest Dialogue
0,,"この脅威の排除こそ
村の復興を実現させるための
礎になることでしょう","Ridding the land of this threat... 'twill serve
as the very foundation that brings the
village's revival to verity.",ui\00_message\quest\q60214004.gmd,\quest\q60214004.arc,q60214004.arc,1,Muirgel,Quest Dialogue
0,,"フィンダーエントが今どこにいるかは
ディリスが情報を集めています
――大きな魔物ですから、その動向は
獣たちの動きなどからも推測できるのです","Dílis is even now gathering word of the
Phindymian Ent's whereabouts— 'Tis a monster of
vast size; its movements can be surmised from the
very stirrings of the beasts about it.",ui\00_message\quest\q60214004.gmd,\quest\q60214004.arc,q60214004.arc,2,Muirgel,Quest Dialogue
0,,"村を一つ滅ぼすほどの
手強い相手ではありますが――
わたしは、覚者様ならきっとかの魔物を
排除できると信じておりますわ","A foe formidable enough to have
razed a whole village...
Yet I believe, Ser Arisen, that you shall surely
bring that monster to ruin.",ui\00_message\quest\q60214004.gmd,\quest\q60214004.arc,q60214004.arc,3,Muirgel,Quest Dialogue
0,,"フィンダーエントが今どこにいるかは
ディリスが情報を集めています
――大きな魔物ですから、その動向は
獣たちの動きなどからも推測できるのです","Dílis is even now gathering word of the
Phindymian Ent's whereabouts— 'Tis a monster of
vast size; its movements can be surmised from the
very stirrings of the beasts about it.",ui\00_message\quest\q60214004.gmd,\quest\q60214004.arc,q60214004.arc,4,Muirgel,Quest Dialogue
0,,"フィンダーエントの動きについて、でしょ？
どうやら《<SPOT 935>》の辺りに
落ち着いて、動く気は無いみたい","'Tis about the Phindymian Ent's movements, yes?
It seems to have settled around 
<SPOT 935>...
shows no sign of stirring.",ui\00_message\quest\q60214004.gmd,\quest\q60214004.arc,q60214004.arc,5,Dílis,Quest Dialogue
0,,"――あのフィンダーエントを討伐すれば
お姉様の悲願である、エランの村復興に
また一歩近付くのよね？","...Rid us that Phindymian Ent, and we will be one
step closer to my elder sister's dearest wish—the
revival of the Elan village... will we not?",ui\00_message\quest\q60214004.gmd,\quest\q60214004.arc,q60214004.arc,6,Dílis,Quest Dialogue
0,,"本当はね、お姉様のお話を聞くたびに
ずっと夢みたいなことだなって思ってたの","Truth is... whene'er I heard my elder sister
speak of it, I always thought 'twas like a dream.",ui\00_message\quest\q60214004.gmd,\quest\q60214004.arc,q60214004.arc,7,Dílis,Quest Dialogue
0,,"もっともっと時間がかかって
きっと私やお姉様は、生きているうちに
その村が復興するところなんて
見られないんじゃないかって――","'Twill take far, far more time... and surely
neither I nor my elder sister will live to see
that village revived—",ui\00_message\quest\q60214004.gmd,\quest\q60214004.arc,q60214004.arc,8,Dílis,Quest Dialogue
0,,"でも、本当に近付いてるのね――
覚者様、どうかフィンダーエントを討伐して
無事に戻ってきてね","But... 'tis truly drawing closer— 
Ser Arisen, I beg you... 
subjugate the Phindymian Ent, and return safe.",ui\00_message\quest\q60214004.gmd,\quest\q60214004.arc,q60214004.arc,9,Dílis,Quest Dialogue
0,,"フィンダーエントなら
どうやら《<SPOT 935>》の辺りに
落ち着いて、動く気は無いみたい","The Phindymian Ent, now... it seems to have
settled around <SPOT 935> and shows
no sign of moving.",ui\00_message\quest\q60214004.gmd,\quest\q60214004.arc,q60214004.arc,10,Dílis,Quest Dialogue
0,,"覚者様、どうかフィンダーエントを討伐して
無事に戻ってきてね
いつかエランの村が復興するのを
お姉様や覚者様と一緒に見たいの","Ser Arisen, pray — subjugate the Phindymian
Ent, and return safe.
Someday, I would see the Elan village revived —
together with my elder sister, and
with you, Ser Arisen.",ui\00_message\quest\q60214004.gmd,\quest\q60214004.arc,q60214004.arc,11,Dílis,Quest Dialogue
0,,"えっ！？　もうフィンダーエントを
討伐してきてくださったのですか！？","Huh!? You've already destroyed
the Phindymian Ent!?",ui\00_message\quest\q60214004.gmd,\quest\q60214004.arc,q60214004.arc,12,Muirgel,Quest Dialogue
0,,"もっと長丁場になるものと思っておりましたが
――さすがは覚者様ですわ！
無事のお戻り、本当に喜ばしいことです","I had thought it a far longer campaign— But then,
'tis the Arisen we speak of!
Your safe return... truly, 'tis
a joy beyond measure.",ui\00_message\quest\q60214004.gmd,\quest\q60214004.arc,q60214004.arc,13,Muirgel,Quest Dialogue
0,,"ああ――
あのフィンダーエントを排除できたということは
このエランに村を再興しても
もう潰される心配はないのですね","Ah— Now that the Phindymian Ent has been
vanquished... should we revive the village here
in Elan, we need no longer fear it being
crushed anew, do we?",ui\00_message\quest\q60214004.gmd,\quest\q60214004.arc,q60214004.arc,14,Muirgel,Quest Dialogue
0,,"このことは、エラン水林の歴史に刻まれる
大きな出来事となることでしょう
覚者様、もちろんあなた様のお名前と共に――","This shall be inscribed as a momentous event in
the history of the Elan Water Grove — Ser Arisen,
of course, together with your name—",ui\00_message\quest\q60214004.gmd,\quest\q60214004.arc,q60214004.arc,15,Muirgel,Quest Dialogue
0,,"エラン水林の守り人として
ここに最大限の感謝を表します
お力添え、本当にありがとうございます","As guardian of the Elan Water Grove, 'tis here I
convey my utmost gratitude. Your
aid — truly, thank you.",ui\00_message\quest\q60214004.gmd,\quest\q60214004.arc,q60214004.arc,16,Muirgel,Quest Dialogue
0,,"まだ油断はできない――
我々はここで調査を継続します","We cannot afford to let our guard down—
We shall continue our investigation here.",ui\00_message\quest\q60214006.gmd,\quest\q60214006.arc,q60214006.arc,0,Glenis,Quest Dialogue
0,,"ここは我々が守ります
覚者殿は先に戻ってお伝えください","We shall hold this ground. Master Arisen, pray
return ahead and relay word.",ui\00_message\quest\q60214006.gmd,\quest\q60214006.arc,q60214006.arc,1,Nora,Quest Dialogue
0,,"まぁ、調査に行ってくださるのですね！
人が増えれば、目の付け所も変わりますもの
きっと新たな発見があるはずですわ","My, so you'll be investigating!
With more eyes, the very perspective shifts— I'm
certain new discoveries await.",ui\00_message\quest\q60214006.gmd,\quest\q60214006.arc,q60214006.arc,2,Muirgel,Quest Dialogue
0,,"崖崩れから復旧したのは
《<SPOT 930>》の辺りです
鳥が多いところですから突かれないように
注意なさってくださいね、ふふふ！","The area around <SPOT 930> has been
restored from the landslide.
'Tis a place with many birds, so pray take care
you aren't pecked—hehe.",ui\00_message\quest\q60214006.gmd,\quest\q60214006.arc,q60214006.arc,3,Muirgel,Quest Dialogue
0,,"崖崩れから復旧したのは
《<SPOT 930>》の辺りです
ああ、調査結果を聞かせていただくのが
楽しみです","The area around <SPOT 930> has been
restored from the landslide.
Ah... I do so look forward to hearing the fruits
of your investigation.",ui\00_message\quest\q60214006.gmd,\quest\q60214006.arc,q60214006.arc,4,Muirgel,Quest Dialogue
0,,"調査に出向いたところを魔物に襲われたんだ
この先で私の仲間が戦っている――
私が退路を確保しておくから
君は加勢に向かってくれ、頼む！","Monsters ambushed us whilst we were out
investigating. My partners are fighting up ahead—
I'll secure the fall-back. You go reinforce them.
I'm counting on you!",ui\00_message\quest\q60214006.gmd,\quest\q60214006.arc,q60214006.arc,5,Ide,Quest Dialogue
0,,"この先で私の仲間が戦っている――
私が退路を確保しておくから
君は加勢に向かってくれ、頼む！","My partners are fighting up ahead— I'll secure
the retreat. You go reinforce
them. Counting on you!",ui\00_message\quest\q60214006.gmd,\quest\q60214006.arc,q60214006.arc,6,Ide,Quest Dialogue
0,,"撤退か――それが正しい判断だな
私は仲間と一旦態勢を立て直してから退く
君はミューセルに報告に行ってくれ！","Retreat... that's the right call.
I'll regroup with my comrades, then withdraw.
You go report to Muirgel!",ui\00_message\quest\q60214006.gmd,\quest\q60214006.arc,q60214006.arc,7,Ide,Quest Dialogue
0,,"撤退が正しい判断だな
私は仲間と一旦態勢を立て直してから退く
君はミューセルに報告に行ってくれ！","Retreat is the correct judgment.
I'll regroup with my comrades, then withdraw.
You go report to Muirgel!",ui\00_message\quest\q60214006.gmd,\quest\q60214006.arc,q60214006.arc,8,Ide,Quest Dialogue
0,,"あら、覚者様
どうでしたか？　調査のほどは――！","My, Ser Arisen — how did it
go? The investigation—!",ui\00_message\quest\q60214006.gmd,\quest\q60214006.arc,q60214006.arc,9,Muirgel,Quest Dialogue
0,,"ええっ！　白い魔物に襲われた！？
グリニスとイデさんがご無事なのは
不幸中の幸いですが――","My! Attacked by a white monster...!
That Glenis and Ide are unharmed is a
mercy amidst ill tidings—",ui\00_message\quest\q60214006.gmd,\quest\q60214006.arc,q60214006.arc,10,Muirgel,Quest Dialogue
0,,"困りましたね――
恐らくその白い魔物は
聖域からやってきた魔物でしょう","How troubling— That white monster, most like,
hails from the Sacred Grounds.",ui\00_message\quest\q60214006.gmd,\quest\q60214006.arc,q60214006.arc,11,Muirgel,Quest Dialogue
0,,"よそから来た魔物が
このエランに居つくようになったら
森の生態系が変わってしまいますわ
バランスが崩れないといいのですけれど――","If monsters from afar were to settle in this
Elan, the forest's ecosystem would be
irrevocably changed.
One can but hope the balance holds...",ui\00_message\quest\q60214006.gmd,\quest\q60214006.arc,q60214006.arc,12,Muirgel,Quest Dialogue
0,,"はぁ、わたしはてっきり
イデさんや覚者様が、珍しい草花でも
持って帰ってくださるかとばかり――","Haah... I had quite fancied that Ide and Ser
Arisen might return bearing
rare plants or flowers—",ui\00_message\quest\q60214006.gmd,\quest\q60214006.arc,q60214006.arc,13,Muirgel,Quest Dialogue
0,,"覚者様にまたもご迷惑をおかけして
しまいましたね――
ともあれ、イデさんやグリニスを助けてくださって
感謝いたしますわ","Once more I have burdened you, Ser Arisen— Be
that as it may... you have my gratitude for
saving Ide and Glenis.",ui\00_message\quest\q60214006.gmd,\quest\q60214006.arc,q60214006.arc,14,Muirgel,Quest Dialogue
0,,異国の覚者か！　これはいいところに――！,"An Arisen from a foreign land...! You've
come at a good time!",ui\00_message\quest\q60214006.gmd,\quest\q60214006.arc,q60214006.arc,15,Glenis,Quest Dialogue
0,,な、何なんだ！？　この白い魔物は！？,W-What is this!? What is this white monster!?,ui\00_message\quest\q60214006.gmd,\quest\q60214006.arc,q60214006.arc,16,Glenis,Quest Dialogue
0,,"くっ――劣勢か――！　ここは一旦退くべきだな――
お前も退くんだ！　ミューセルにこのことを伝えてくれ！","Hngh— outmatched...! 'Tis best we withdraw for
the moment— You must fall back as well! See that
Muirgel hears of this!",ui\00_message\quest\q60214006.gmd,\quest\q60214006.arc,q60214006.arc,17,Nora,Quest Dialogue
0,,"ああ、悪いね
あんたに頼みごとをしたいって子が
いるもんでさ――","Ah, my bad. There's a young'un wants a
favor o' you, cos—",ui\00_message\quest\q60215000.gmd,\quest\q60215000.arc,q60215000.arc,0,Razanailt,Quest Dialogue
0,,"エトナって子だよ
多分二階にいると思うから
会いにいってやってくれるかい？","Kid named Etna. Second floor, I reckon.
Go meet her, eh?",ui\00_message\quest\q60215000.gmd,\quest\q60215000.arc,q60215000.arc,1,Razanailt,Quest Dialogue
0,,"エトナがあんたに
頼みたいことがあるっていうんだ
多分二階にいると思うから
会いにいってやってくれるかい？","Etna's got somethin' she wants to ask o' you.
Reckon she's up on the second floor.
Go on and see her, eh?",ui\00_message\quest\q60215000.gmd,\quest\q60215000.arc,q60215000.arc,2,Razanailt,Quest Dialogue
0,,"ああ、あんたが異国の覚者様だったのね！
あたしはエトナよ
ねぇ、ひとつお願いしたいことがあるんだけど――","Ah, so you're the Arisen of a foreign land. I am
Etna. Now, there's aught I'd ask of you—",ui\00_message\quest\q60215000.gmd,\quest\q60215000.arc,q60215000.arc,3,Etna,Quest Dialogue
0,,"最近この辺り、地鳴りがすごいのよ
なのに、みんな「タラスクが来るんじゃないか」
なんて憶測で怖がるばかり","The earth has been rumbling fiercely of late. Yet
all anyone does is tremble at idle speculation —
""The Tarasque approaches,"" they whisper.",ui\00_message\quest\q60215000.gmd,\quest\q60215000.arc,q60215000.arc,4,Etna,Quest Dialogue
0,,"こんな時こそ、過去の記録をあらって
似たような事件がなかったか
確かめるべきだと思わない！？","At a time like this, one ought to scour the
archives for any similar precedent.
Would you not agree?!",ui\00_message\quest\q60215000.gmd,\quest\q60215000.arc,q60215000.arc,5,Etna,Quest Dialogue
0,,"だから昔の本がある《<SPOT 919>》に
行きたいのに、あそこはもう獣だらけだからって
誰も相手にしてくれないのよ――","That is why I would go to the <SPOT 919>, where
aged texts lie—yet none will accompany me, for
the place swarms with beasts—",ui\00_message\quest\q60215000.gmd,\quest\q60215000.arc,q60215000.arc,6,Etna,Quest Dialogue
0,,"ちょっとくらい危険を冒しても
過去の本にはそれ以上の価値があるはずなの――
特に、こんな時には――","Even braving a trifle of peril, the tomes of old
must hold worth beyond it—most especially in
times such as these—",ui\00_message\quest\q60215000.gmd,\quest\q60215000.arc,q60215000.arc,7,Etna,Quest Dialogue
0,,"でね、《<SPOT 919>》には""獣の主""がいて
そのせいで獣たちが集まってるって聞いたわ
覚者様が""獣の主""を倒してくれたら
きっと獣たちも散るはず――","So. A Beastlord dwells at <SPOT 919> — 'tis why
the beasts muster there, or so I've heard. Should
you, Ser Arisen, strike it down... the beasts
shall surely disperse—",ui\00_message\quest\q60215000.gmd,\quest\q60215000.arc,q60215000.arc,8,Etna,Quest Dialogue
0,,"お願い――
過去の本がどうしても必要なの
""獣の主""を倒してきて！","I beseech you—
I have absolute need of those aged texts.
Go forth and slay the Beastlord!",ui\00_message\quest\q60215000.gmd,\quest\q60215000.arc,q60215000.arc,9,Etna,Quest Dialogue
0,,"お願い――
過去の本がどうしても必要なの
《<SPOT 919>》に巣食う
""獣の主""を倒してきて！","I ask again— An ancient tome is indispensable.
Slay the Beastlord that dwells
in the <SPOT 919>!",ui\00_message\quest\q60215000.gmd,\quest\q60215000.arc,q60215000.arc,10,Etna,Quest Dialogue
0,,"""獣の主""を倒してきてくれたのね
ありがとう――！
これで本を探しに行けるわ！","You've slain the Beastlord, then.
My gratitude!
Now I can go seek the texts!",ui\00_message\quest\q60215000.gmd,\quest\q60215000.arc,q60215000.arc,11,Etna,Quest Dialogue
0,,"よその国から来た見慣れない人だけど
とても強くて優しい覚者様なのね
あの、これ、お礼に――少しだけど――","You're a stranger from a foreign land, yet a
remarkably stalwart and kindly Arisen. Here―
take this as thanks. 'Tis but a trifle.",ui\00_message\quest\q60215000.gmd,\quest\q60215000.arc,q60215000.arc,12,Etna,Quest Dialogue
0,,"鎧の魔物の討伐、あんたが行ってくれるんだね
助かるよ――ほんと最近は色々あって
手が足りなくてさ","So you're handling the armored
monster subjugation, eh?
Right, that's a weight off—been a right mess of
late, all sorts, and we're short-handed, cos.",ui\00_message\quest\q60215001.gmd,\quest\q60215001.arc,q60215001.arc,0,Razanailt,Quest Dialogue
0,,"元々調査に行くはずだった戦士を紹介するから
一度、本人から討伐の詳細を
聞いてから現地に向かってくれるかい？","Was a warrior slated for the survey.
I'll point you to 'em.
Get the mission details from the
source, then head out, eh?",ui\00_message\quest\q60215001.gmd,\quest\q60215001.arc,q60215001.arc,1,Razanailt,Quest Dialogue
0,,"ワイニって戦士さ
普段は門番をしてるから
きっと門の近くにいると思うよ","Wine's a warrior. Does gate duty most days, cos.
You'll find him near the gate.",ui\00_message\quest\q60215001.gmd,\quest\q60215001.arc,q60215001.arc,2,Razanailt,Quest Dialogue
0,,"ワイニって戦士に
討伐の詳細を聞いてから
現地に向かってくれるかい？","Get the extermination details from the warrior
Wine, then head to the site, eh?",ui\00_message\quest\q60215001.gmd,\quest\q60215001.arc,q60215001.arc,3,Razanailt,Quest Dialogue
0,,"普段は門番をしてるから
きっと門の近くにいると思うよ","Gatekeeper by trade. Reckon they're
near the gate, eh?",ui\00_message\quest\q60215001.gmd,\quest\q60215001.arc,q60215001.arc,4,Razanailt,Quest Dialogue
0,,"ラザネイルから話は聞いている
私の代わりに鎧の魔物を討伐しに行ってくれると――","Razanailt has briefed me. You'll vanquish the
armored monster in my stead.",ui\00_message\quest\q60215001.gmd,\quest\q60215001.arc,q60215001.arc,5,Wine,Quest Dialogue
0,,"鎧の魔物は現在《<SPOT 921>》に
とどまっているようだ
叩くなら今が好機だな","The armored monster remains at <SPOT 921> at
present. If you would strike, now is the hour.",ui\00_message\quest\q60215001.gmd,\quest\q60215001.arc,q60215001.arc,6,Wine,Quest Dialogue
0,,"すでに聞いているかもしれないが
《マグサス古水路》の鍵を
鎧の魔物に奪われているのだ","You may have heard already. The key to the
[Magusas Ancient Canal] has been stolen by
the armored monster.",ui\00_message\quest\q60215001.gmd,\quest\q60215001.arc,q60215001.arc,7,Wine,Quest Dialogue
0,,"恐らく、鍵は鎧の魔物が持っているか
近くに落ちているかのどちらかだろう
討伐だけでなく、鍵の探索も頼んだぞ","The armored monster likely holds the key, or it
lies nearby. 'Tis not just extermination —
find the key as well.",ui\00_message\quest\q60215001.gmd,\quest\q60215001.arc,q60215001.arc,8,Wine,Quest Dialogue
0,,"鎧の魔物は現在《<SPOT 921>》に
とどまっているようだ
叩くなら今が好機だな","The armored monster remains at <SPOT 921> at
present. If you would strike, now is the hour.",ui\00_message\quest\q60215001.gmd,\quest\q60215001.arc,q60215001.arc,9,Wine,Quest Dialogue
0,,"おお、帰ったか
鎧の魔物は討伐し、鍵も持ち帰ったと――！
完璧ではないか！","Ah, you return, ser. The armored monster
exterminated, the key retrieved —! 
Perfect, is it not!",ui\00_message\quest\q60215001.gmd,\quest\q60215001.arc,q60215001.arc,10,Wine,Quest Dialogue
0,,"鍵が真っ二つに割れているようだが
この程度、継ぎ合わせればどうということはない
私が修復し、ラザネイルに渡しておこう","The key's split clean in two, but 'tis
naught—join it and it holds. I'll mend it and
deliver it to Razanailt.",ui\00_message\quest\q60215001.gmd,\quest\q60215001.arc,q60215001.arc,11,Wine,Quest Dialogue
0,,"この分だと、私が討伐に出ようとするよりも
最初から貴方に頼んだ方が速かったかも知れないな
その武勇に敬意を――","By the look of it, tasking you from the start
would have been faster than my marching out to
vanquish it. Your valor commands respect.",ui\00_message\quest\q60215001.gmd,\quest\q60215001.arc,q60215001.arc,12,Wine,Quest Dialogue
0,,"ああ、行ってくれるっていうのかい！
――あんたが引き受けてくれるんじゃないかって
内心期待してたところもあってね――","Ah, you'll go, eh!
—Was hopin' you'd take it on, cos.",ui\00_message\quest\q60215002.gmd,\quest\q60215002.arc,q60215002.arc,0,Razanailt,Quest Dialogue
0,,"タラスクの居場所は
外にいるフィンが知ってるはずさ
――あんたにこの村の命運がかかってるんだ
気張っておくれよ――","Tarasque's whereabouts. Fionn outside knows 'em.
This village's fate rests on you,
eh? Give it your all—",ui\00_message\quest\q60215002.gmd,\quest\q60215002.arc,q60215002.arc,1,Razanailt,Quest Dialogue
0,,"タラスクの居場所は
外にいるフィンが知ってるはずさ
――あんたにこの村の命運がかかってるんだ
気張っておくれよ――","Tarasque's whereabouts. Fionn
outside knows 'em.
This village's fate rests on you,
eh? Give it your all—",ui\00_message\quest\q60215002.gmd,\quest\q60215002.arc,q60215002.arc,2,Razanailt,Quest Dialogue
0,,"ああ、あんたがタラスクの討伐に
向かってくれるのか――","Ah, so you're off to vanquish the Tarasque—",ui\00_message\quest\q60215002.gmd,\quest\q60215002.arc,q60215002.arc,3,Fionn,Quest Dialogue
0,,"クソッ！　毎日鍛練を積んできたっていうのに
あの巨体の前になす術もなくやられちまった――！","Damn it! Daily training... all for naught before
that massive bulk—no recourse, just done in—!",ui\00_message\quest\q60215002.gmd,\quest\q60215002.arc,q60215002.arc,4,Fionn,Quest Dialogue
0,,"俺だけじゃない、あの叔父貴たちも
次々なぎ倒されちまったんだ
ここんところ侵食魔との戦いが続いて
調子が悪かったんだと思うが――","Not just me—those old veterans too, cut
down one after another.
Reckon the endless Corruption
Demon battles of late
left them off their game—",ui\00_message\quest\q60215002.gmd,\quest\q60215002.arc,q60215002.arc,5,Fionn,Quest Dialogue
0,,"なぁ、この村で今戦えるのはあんただけだ
タラスクは《<SPOT 922>》にいる――
頼むよ、この無念を晴らしてきてくれ！","Hey. You're the only one in this
village who can fight now.
The Tarasque's at <SPOT 922>...
I'm beggin' you — go settle this score!",ui\00_message\quest\q60215002.gmd,\quest\q60215002.arc,q60215002.arc,6,Fionn,Quest Dialogue
0,,"この村で今戦えるのはあんただけだ
タラスクは《<SPOT 922>》にいる――
頼むよ、この無念を晴らしてきてくれ！","You're the only one in this
village who can fight now.
The Tarasque's at <SPOT 922>...
I'm beggin' you — go settle this score!",ui\00_message\quest\q60215002.gmd,\quest\q60215002.arc,q60215002.arc,7,Fionn,Quest Dialogue
0,,"ど、どうだった――
タラスクは――","How'd it go—
The Tarasque—",ui\00_message\quest\q60215002.gmd,\quest\q60215002.arc,q60215002.arc,8,Fionn,Quest Dialogue
0,,"何！？　討伐できたのか！！
やった！　これで村を潰されずに済む！！","What?! You actually vanquished it!!
All right! The village is saved!!",ui\00_message\quest\q60215002.gmd,\quest\q60215002.arc,q60215002.arc,9,Fionn,Quest Dialogue
0,,"心から感謝する
村を救ってくれて――
そして、俺たちの無念を晴らしてきてくれて！","I’m truly grateful.
For saving our village—
and for avenging us!",ui\00_message\quest\q60215002.gmd,\quest\q60215002.arc,q60215002.arc,10,Fionn,Quest Dialogue
0,,"あんたみたいに勇敢な戦士もなかなかいないよ
その武勇に全力で敬意を捧げるぜ！","Warriors valiant as you don't come along ofttimes!
Your valor has my wholehearted respect!",ui\00_message\quest\q60215002.gmd,\quest\q60215002.arc,q60215002.arc,11,Fionn,Quest Dialogue
0,,"なんとか撃退できたか――
あの奇妙な魔物は一体何だったのだ
罠を仕掛ける魔物など、聞いたこともない！","Repelled it, then— What manner of creature was
that queer monster?
Ne'er heard tell of a monster laying traps!",ui\00_message\quest\q60215003.gmd,\quest\q60215003.arc,q60215003.arc,0,Corentin,Quest Dialogue
0,,"レスタニアの覚者よ、すまないが
一度、《マヌンの集落》の辺りにいる爺さん――
<NPC 2556>といったか、彼に報告に行ってくれないか
俺はこの辺りを少し調べてから戻る","Arisen of Lestania, my apologies.
Go report to the old man near Manun Village —
<NPC 2556>, was it? Him.
I'll investigate the area, then return.",ui\00_message\quest\q60215003.gmd,\quest\q60215003.arc,q60215003.arc,1,Corentin,Quest Dialogue
0,,"レスタニアの覚者よ、すまないが
一度、《マヌンの集落》の辺りにいる爺さん――
<NPC 2556>といったか、彼に報告に行ってくれないか
俺はこの辺りを少し調べてから戻る","Arisen of Lestania. My apologies.
Report to the old man near Manun Village —
<NPC 2556>, was it? Him.
I'll investigate the area, then return.",ui\00_message\quest\q60215003.gmd,\quest\q60215003.arc,q60215003.arc,2,Corentin,Quest Dialogue
0,,"これはこれは――
ダナで一番の戦士をよこしてくれるのかと思えば
まさか異国の覚者様、貴方が来てくださるとは","My, my— I had supposed Dana would dispatch
its finest warrior...
Yet to think the Arisen of a foreign land, you
yourself, would come...",ui\00_message\quest\q60215003.gmd,\quest\q60215003.arc,q60215003.arc,3,Enan,Quest Dialogue
0,,"なんでも、ダナの辺りで地鳴りが聞こえるそうですな
恐らく原因はわしの記憶にある""アレ""で
間違いありますまい","Word has it the earth rumbles nigh Dana... The
cause, methinks, is that which resides in my
memory — there can be no mistaking it.",ui\00_message\quest\q60215003.gmd,\quest\q60215003.arc,q60215003.arc,4,Enan,Quest Dialogue
0,,"本来ならば、この年寄りの昔話くらい
こころよくお聞かせしたいところですが
このマヌンにも危機が迫っておるのです――","By rights, I would fain recount an old
man's tales to you...
But a crisis draws nigh to Manun as well—",ui\00_message\quest\q60215003.gmd,\quest\q60215003.arc,q60215003.arc,5,Enan,Quest Dialogue
0,,"《聖河の遺跡》に
封印されていたはずの魔物が
最近、急に動き出したような気配がありまして","'Twould appear the monsters that should have lain
sealed within the Sacred River Ruins have, of
late, begun to stir anew.",ui\00_message\quest\q60215003.gmd,\quest\q60215003.arc,q60215003.arc,6,Enan,Quest Dialogue
0,,"近くを通りがかった戦士に声をかけ
様子を見てきてくれるよう頼んだのですが
いまだ戻ってきておりませんでな――","A warrior chanced to pass near, so I called to
them and bade they go ascertain the situation...
yet still they have not returned—",ui\00_message\quest\q60215003.gmd,\quest\q60215003.arc,q60215003.arc,7,Enan,Quest Dialogue
0,,"これは、何らかの理由で
封印が解けたと考えてよいでしょう
かの魔物が外に出れば、この洞窟を
襲いに来るやもしれませぬ","'Tis reasonable to surmise the seal was broken
for some reason; should that monster emerge, it
may well come to assail this cavern.",ui\00_message\quest\q60215003.gmd,\quest\q60215003.arc,q60215003.arc,8,Enan,Quest Dialogue
0,,"交換条件となってしまいますが
魔物を倒してきてくだされば
地鳴りについて、お話いたしましょう","It amounts to a bargain, I fear —
yet should you vanquish the monsters...
I shall speak to you of the ground's rumbling.",ui\00_message\quest\q60215003.gmd,\quest\q60215003.arc,q60215003.arc,9,Enan,Quest Dialogue
0,,"《聖河の遺跡》 で
目覚めたらしき魔物を討伐してきてくだされば
わしの知る限りのことをお話いたしましょう","Should you journey to the Sacred River Ruins and
vanquish the monster that appears to have
awakened there, I shall impart all that lies
within my knowledge.",ui\00_message\quest\q60215003.gmd,\quest\q60215003.arc,q60215003.arc,10,Enan,Quest Dialogue
0,,"先に行った戦士もまだ戻っておりませんが――
残念なことになっていなければいいのですが","The warrior who went before has not yet returned
— I pray no ill tidings has befallen them.",ui\00_message\quest\q60215003.gmd,\quest\q60215003.arc,q60215003.arc,11,Enan,Quest Dialogue
0,,"ああ、行ってくれるのかい
どんどんややこしいことになっていっちまって
なんだかすまないね――","Oh, you'll go, eh?
Keeps gettin' more tangled by the minute...
Sorry 'bout that—",ui\00_message\quest\q60215003.gmd,\quest\q60215003.arc,q60215003.arc,12,Razanailt,Quest Dialogue
0,,"エナンって人は《マヌンの集落》で暮らす
人たちの長老らしいよ
あそこと何かやり取りをする時は
大体あの人が出てくるんだ","Henin's the elder o' the folk in Manun Village.
Any dealings with that lot, he's
the one shows up, eh?",ui\00_message\quest\q60215003.gmd,\quest\q60215003.arc,q60215003.arc,13,Razanailt,Quest Dialogue
0,,"一体どんな武勇を見せろっていうんだか
わからないけど、気張って行っておくれよ！","What kinda valor they want shown, hell if I wit.
But you go on and give it hell, eh!",ui\00_message\quest\q60215003.gmd,\quest\q60215003.arc,q60215003.arc,14,Razanailt,Quest Dialogue
0,,"《マヌンの集落》で暮らしてる人たちの
長老、エナンって人のところに行ってくれるかい
一体どんな武勇を見せろっていうんだか
わからないけど、気張って行っておくれよ！","Go to Henin, elder o' Manun Village. No clue what
feat o' arms they want, but put
your back into it, eh!",ui\00_message\quest\q60215003.gmd,\quest\q60215003.arc,q60215003.arc,15,Razanailt,Quest Dialogue
0,,"レスタニアの覚者か――！
すまないが手を貸してくれ
様子を見るだけのつもりだったのだが
妙な魔物の罠にはめられたようだ","A Lestanian Arisen—!
Forgive me, but lend me a hand.
I intended only to observe; but it seems I've
been ensnared in a peculiar monster's trap.",ui\00_message\quest\q60215003.gmd,\quest\q60215003.arc,q60215003.arc,16,Corentin,Quest Dialogue
0,,"この結界を張る護符が近くにあるはずだ
それを全て破壊してくれ
そうすれば、この結界が――
――覚者よ、後ろだ！！","The talismans sustaining this barrier are nigh.
Destroy them all.
Then this barrier will—
—Arisen! Behind you!!",ui\00_message\quest\q60215003.gmd,\quest\q60215003.arc,q60215003.arc,17,Corentin,Quest Dialogue
0,,"結界を張る護符が周囲にあるはずだ
それを全て破壊してくれ！
結界さえ解ければ、俺も戦える！","Talismans upholding the barrier lie scattered
about;
Destroy them all! 
Once the barrier falls, I can fight!",ui\00_message\quest\q60215003.gmd,\quest\q60215003.arc,q60215003.arc,18,Corentin,Quest Dialogue
0,,"なんと――罠をしかける魔物とは――
何やら不穏なものを感じます
今後も気は抜けませんな――","Unbelievable— 
a monster that lays traps...
Methinks I sense an ill portent.
We dare not lower our guard henceforth...",ui\00_message\quest\q60215003.gmd,\quest\q60215003.arc,q60215003.arc,19,Enan,Quest Dialogue
0,,"そうそう、地鳴りについてですが
昔から、響き渡る地鳴りについての話は
時折耳にしていたものです","Ah, yes, about the rumbling of the earth—
I’ve heard stories about that resounding rumbling
from time to time for as long as I can bethink.",ui\00_message\quest\q60215003.gmd,\quest\q60215003.arc,q60215003.arc,20,Enan,Quest Dialogue
0,,"こういったことは《知恵の小塔》に収められた
過去の書物を紐解くことで明らかとなるでしょう
あそこは特に貴重な書物が収められ
学者たちがつどった場所ですからの――","Such matters shall be revealed by perusing the
aged tomes housed in the Small Tower of Wisdom,
for there lie works of singular worth, and 'twas
a place where scholars once gathered—",ui\00_message\quest\q60215003.gmd,\quest\q60215003.arc,q60215003.arc,21,Enan,Quest Dialogue
0,,"魔物の襲撃を受けるようになって
放棄されましたが、数年前までは
わしが密かに手入れしておりました
書物もまだ十分に読める状態で残っているはずです","'Twas abandoned once monster raids began, yet
until a few years past I myself saw to its upkeep
in secret. The books, too, should yet
abide, fit for reading.",ui\00_message\quest\q60215003.gmd,\quest\q60215003.arc,q60215003.arc,22,Enan,Quest Dialogue
0,,"わしは難しい書物を読むことはできませんが
きっと大切なものだろうと思ったのです
こういう時のためだったのですな","I cannot read difficult tomes...
Yet I deemed them precious,
certain they would serve.
'Twas for times like these, was it not?",ui\00_message\quest\q60215003.gmd,\quest\q60215003.arc,q60215003.arc,23,Enan,Quest Dialogue
0,,"ダナ村のエリアマスターにも
この情報は伝えておきましょう
覚者様、この度はマヌンの危機を救ってくださり
感謝いたしますぞ――","I shall see these tidings conveyed to the Area
Master of Dana Village as well.
Ser Arisen, you have delivered Manun from its
crisis this day— you have my gratitude.",ui\00_message\quest\q60215003.gmd,\quest\q60215003.arc,q60215003.arc,24,Enan,Quest Dialogue
0,,"本当に、ちょうどいい時に来てくれたもんだ
詳しいことはオリアに聞いてもらえるかい
今、タラスクについて色んな情報が
入ってくるもんだからちょっと手が離せないのさ","Right good timing, eh? Go ask Oria the details.
Tarasque reports keep coming in — can't
tear myself away, cos.",ui\00_message\quest\q60215004.gmd,\quest\q60215004.arc,q60215004.arc,0,Razanailt,Quest Dialogue
0,,"詳しいことはオリアに聞いてもらえるかい
今、タラスクについて色んな情報が
入ってくるもんだからちょっと手が離せないのさ","Ask Oria for the details, eh?
All sorts o' info on the Tarasque's pourin' in
right now — can't leave my post, cos.",ui\00_message\quest\q60215004.gmd,\quest\q60215004.arc,q60215004.arc,1,Razanailt,Quest Dialogue
0,,"ああ、覚者さん！
よかった、あんたに言わないと
いけないことがあるんだよ！","Ah, Ser Arisen!
'Tis good... I've aught I must tell you!",ui\00_message\quest\q60215004.gmd,\quest\q60215004.arc,q60215004.arc,2,Orla,Quest Dialogue
0,,"そう、タラスクが出たんだ！
もうラザネイルさんに聞いたかい？
野ウサギでも獲ろうと思って
外に出たら地鳴りがして――！","Aye, the Tarasque showed itself!
Heard from Razanailt yet?
Thought to catch a rabbit or two...
Stepped outside, and the ground started rumbling—!",ui\00_message\quest\q60215004.gmd,\quest\q60215004.arc,q60215004.arc,3,Orla,Quest Dialogue
0,,"《<SPOT 923>》で山みたいに大きな
ものが動いてるのを見て
慌てて帰ってきたんだ！","'Twas something mountain-sized moving at
<SPOT 923>. Came tearing
back in a fright, I did!",ui\00_message\quest\q60215004.gmd,\quest\q60215004.arc,q60215004.arc,4,Orla,Quest Dialogue
0,,"それに、前に見たタラスクとは
なんだか様子が違ったような――
とにかく大きくて凶暴そうなんだ！
このままじゃ村ごと踏み潰されちまうよ！","And that Tarasque... seemed different from the
one before— Anyway, 'tis massive, 
and looks ferocious!
At this rate, it'll trample the 
whole village flat!",ui\00_message\quest\q60215004.gmd,\quest\q60215004.arc,q60215004.arc,5,Orla,Quest Dialogue
0,,"《<SPOT 923>》で山みたいに大きな
ものが動いてるのを見たんだよ！
前に見たタラスクとは
なんだか様子が違ったように思うけど――","I saw something as gargantuan as a mountain
moving at <SPOT 923>!
'Twas different from the Tarasque I saw afore—",ui\00_message\quest\q60215004.gmd,\quest\q60215004.arc,q60215004.arc,6,Orla,Quest Dialogue
0,,"な、なんだって！？
あの新手のタラスクを
討伐してきたっていうのかい！",What?! — You took down that new Tarasque?!,ui\00_message\quest\q60215004.gmd,\quest\q60215004.arc,q60215004.arc,7,Razanailt,Quest Dialogue
0,,"確かに、少し前に急に地鳴りが止んだよ
――あたしらが右往左往している間に
あんたはその腕でいち早く村を救ったんだね","True enough — the rumbling stopped
sudden-like, a bit afore.
While we was runnin' round in circles...
You stepped up and saved the village with
your own two hands, eh?",ui\00_message\quest\q60215004.gmd,\quest\q60215004.arc,q60215004.arc,8,Razanailt,Quest Dialogue
0,,"戦士の村・ダナは、その武勇によって
ここに在ったっていうのに
まさか他所の国から来たあんたに
そのことを教えられるとは！","The warrior village, Dana — standing here
because of martial might.
Ne'er dreamed an outsider from foreign shores'd
be the one teachin' me that, eh!",ui\00_message\quest\q60215004.gmd,\quest\q60215004.arc,q60215004.arc,9,Razanailt,Quest Dialogue
0,,"どんな強大な敵であっても、武器をとって
立ち向かう勇敢さ――
あんたには頭が上がらないよ
ダナを救ってくれて、本当にありがとう","Whate'er foe comes — the grit to grab a
blade and face it down...
Can't match that, eh?
Saved Dana, you did. Truly... thank you.",ui\00_message\quest\q60215004.gmd,\quest\q60215004.arc,q60215004.arc,10,Razanailt,Quest Dialogue
0,,"ああ、引き受けてくれるのかい！
すまないね、こんなこと頼んじまって
なんせ手が足りなくてさ","Aye, you'll take it on, eh? Sorry to be askin'
this o' you, cos. Short on hands, see.",ui\00_message\quest\q60215005.gmd,\quest\q60215005.arc,q60215005.arc,0,Razanailt,Quest Dialogue
0,,"《<SPOT 923>》の辺りで
最近やけに魔物が出るもんだから
橋の復旧作業が止まっちまうのさ","Monsters been swarmin' near
<SPOT 923> lately — bridge
restoration's stalled, cos.",ui\00_message\quest\q60215005.gmd,\quest\q60215005.arc,q60215005.arc,1,Razanailt,Quest Dialogue
0,,"だから、復旧作業に集中するために
あの辺りに出る魔物を片っ端から
ぶん殴ってきてほしいんだよ
あんたならこのくらい、簡単だろ？","Right. Need you to beat every monster round there
senseless — so we can focus on the restoration,
eh? Easy enough for you, ain't it?",ui\00_message\quest\q60215005.gmd,\quest\q60215005.arc,q60215005.arc,2,Razanailt,Quest Dialogue
0,,"他の子もすでに向かわせてるから
途中で合流して一緒にやってくれればいいよ
その方が気も楽だろ？","Other kids already on their way.
Meet up with 'em partway, do it together.
Easier on the mind that way, eh?",ui\00_message\quest\q60215005.gmd,\quest\q60215005.arc,q60215005.arc,3,Razanailt,Quest Dialogue
0,,"すでに他の子も《<SPOT 923>》に
向かわせたから、途中で合流して
一緒にやってくれればいいよ","Already sent the other kids to
<SPOT 923>.
Link up with 'em partway, handle it together, eh?",ui\00_message\quest\q60215005.gmd,\quest\q60215005.arc,q60215005.arc,4,Razanailt,Quest Dialogue
0,,"ハッ――異国の覚者ではないか！
ちょうどよいところに――
実は、さっきここの対岸部に
巨大な魔物が出現したのだ！","Hah — Arisen of a foreign land!
Timely, this.
A giant monster has appeared on the
opposite shore but moments ago!",ui\00_message\quest\q60215005.gmd,\quest\q60215005.arc,q60215005.arc,5,Lorcan,Quest Dialogue
0,,"襲われているのを見た通りすがりの戦士が
俺をここまで逃がしてくれたが――
彼女たちがまだ戻らぬ！","Passing warriors saw me beset and let me escape
this far, but—they have yet to return themselves!",ui\00_message\quest\q60215005.gmd,\quest\q60215005.arc,q60215005.arc,6,Lorcan,Quest Dialogue
0,,"頼む、彼女たちに加勢してやってくれ！
俺は足を痛めてしまって
これ以上戦えんのだ――！","I beseech you, aid them!
My leg is wounded — I can fight no more!",ui\00_message\quest\q60215005.gmd,\quest\q60215005.arc,q60215005.arc,7,Lorcan,Quest Dialogue
0,,"頼む、対岸にいる彼女たちに加勢してやってくれ！
あんな巨大な魔物、一人では到底相手にできん
俺は足を痛めてしまって
これ以上戦えんのだ――！","Ser, I beseech you — aid the
women on the far shore!
A giant monster such as that... 'tis beyond one
person to face alone.
My leg is injured. I can fight no more—!",ui\00_message\quest\q60215005.gmd,\quest\q60215005.arc,q60215005.arc,8,Lorcan,Quest Dialogue
0,,"――今考えていたんだが
もしや、あれが昔話に聞いた
タラスクなのでは――","Just now a thought struck — could that be the
Tarasque of the old tales...?",ui\00_message\quest\q60215005.gmd,\quest\q60215005.arc,q60215005.arc,9,Lorcan,Quest Dialogue
0,,"一刻も早く村に戻って報告しないと――
俺は足をやられているから
先に村に戻っておいてくれないか","Must return to the village and report at once—
My leg is done for.
Go on ahead, ser.",ui\00_message\quest\q60215005.gmd,\quest\q60215005.arc,q60215005.arc,10,Lorcan,Quest Dialogue
0,,"さっき見たアレがタラスクだったら
これから大変なことになるぞ――","If that was a Tarasque, naught but turmoil awaits—",ui\00_message\quest\q60215005.gmd,\quest\q60215005.arc,q60215005.arc,11,Lorcan,Quest Dialogue
0,,"一刻も早く村に戻って報告しないと――
俺は足をやられているから
先に村に戻っておいてくれないか","Must return to the village and report at once—
My leg is done for.
Go on ahead, ser.",ui\00_message\quest\q60215005.gmd,\quest\q60215005.arc,q60215005.arc,12,Lorcan,Quest Dialogue
0,,"えぇっ！？
歩くと地響きがするような、巨大な――？
甲羅のある竜だって！？","Eh?! Giant enow to shake the ground when it
walks...? A wyrm with a shell?!",ui\00_message\quest\q60215005.gmd,\quest\q60215005.arc,q60215005.arc,13,Razanailt,Quest Dialogue
0,,"そ、それってタラスクじゃないか――！
本当にタラスクが現れたっていうのかい！？","Th-that's a Tarasque, ain't it—! You're sayin' a
Tarasque actually appeared, eh?!",ui\00_message\quest\q60215005.gmd,\quest\q60215005.arc,q60215005.arc,14,Razanailt,Quest Dialogue
0,,"これは大変なことになったね――
地鳴りが聞こえ始めた頃から
そうじゃないかとは思ってたけど――","This is a fine mess— Been expectin' it since the
ground started rumblin'....",ui\00_message\quest\q60215005.gmd,\quest\q60215005.arc,q60215005.arc,15,Razanailt,Quest Dialogue
0,,"とにかく
報告してくれて感謝するよ
地鳴りの正体がわかったからには
対策が立てられるからね","Right. Thanks for the tidings. Now that we wit the
cause o' the rumblin', we can plan a response, eh?",ui\00_message\quest\q60215005.gmd,\quest\q60215005.arc,q60215005.arc,16,Razanailt,Quest Dialogue
0,,助太刀感謝する！　だが、三人でもこやつに敵うかどうか――！,"Thanks for the backup. But whether we three
can match this foe...!",ui\00_message\quest\q60215005.gmd,\quest\q60215005.arc,q60215005.arc,17,Glenna,Quest Dialogue
0,,このままでは押されるばかりだ！　一旦、対岸まで退くぞ！,"At this rate we'll only be pushed back! 
To the far shore — fall back!",ui\00_message\quest\q60215005.gmd,\quest\q60215005.arc,q60215005.arc,18,Glenis,Quest Dialogue
0,,"まさか旅をしている最中に
タラスクに襲われている人を見つけるなんて
さすがに思いもよらなかったな――","Ne'er did I think, mid-journey, to come upon folk
set upon by a Tarasque...",ui\00_message\quest\q60215005.gmd,\quest\q60215005.arc,q60215005.arc,19,Glenis,Quest Dialogue
0,,"間一髪だな
あんな巨大な魔物、一体どうやって
対処すればいいんだ――
討伐にしろ捕獲にしろ困難を極めるぞ","Close call, that. How are we to deal with a giant
monster like that—? Vanquishing or capture,
'twill be nigh impossible either way.",ui\00_message\quest\q60215005.gmd,\quest\q60215005.arc,q60215005.arc,20,Glenna,Quest Dialogue
0,,"そうだ、あんた覚者なんだろ？
最近、妙な赤い光を見たっていう情報が
いろんなところから入ってくるんだ
何か知ってたら教えてくれない？","That's right, you're an Arisen, aren't you? 
Lately, we've been getting reports from all over
about strange red lights being seen. 
If you know something, could you tell me?",ui\00_message\quest\q60215006.gmd,\quest\q60215006.arc,q60215006.arc,0,Razanailt,Quest Dialogue
0,,"最近だと、外にいるオリアが
その赤い光を見たらしいからさ
一度話を聞いてみてよ","Oria, who's been outside
recently saw the red light.
Why not go question her?",ui\00_message\quest\q60215006.gmd,\quest\q60215006.arc,q60215006.arc,1,Razanailt,Quest Dialogue
0,,"最近、妙な赤い光を見たっていう情報が
いろんなところから入ってくるんだ
あんた、何か知ってたら教えてくれない？","I've been getting reports from all over
about people seeing strange red lights.
Do you know anything about it?",ui\00_message\quest\q60215006.gmd,\quest\q60215006.arc,q60215006.arc,2,Razanailt,Quest Dialogue
0,,"最近だと、外にいるオリアが
その赤い光を見たらしいからさ
一度話を聞いてみてよ","Oria, who's been outside
recently saw the red light.
Why not go question her?",ui\00_message\quest\q60215006.gmd,\quest\q60215006.arc,q60215006.arc,3,Razanailt,Quest Dialogue
0,,"赤い光を目撃したかだって？
確かに見たともさ！
それも、この森のいろんな場所で見たよ","If I saw the red light? 
Sure did! Saw it in lots of
places around this forest, too.",ui\00_message\quest\q60215006.gmd,\quest\q60215006.arc,q60215006.arc,4,Orla,Quest Dialogue
0,,"ただ――魔物のように恐ろしげだったり
不気味だったりするものじゃなかったね
よーく見ると、ひっそりある感じだよ","But—it wasn't terrifying like some
monster, or eerie, or anything really.
Look closely, and it's just kinda... there.",ui\00_message\quest\q60215006.gmd,\quest\q60215006.arc,q60215006.arc,5,Orla,Quest Dialogue
0,,"あれは周りをよく見ないとわからないと思うねぇ――
そういえば、さっき他の人にも赤い光の
調査をしてるって話を聞かれたから
その人にも様子を聞いてみるといいんじゃないかね？","Can't tell without looking properly...
Now that I think of it, someone else
mentioned studying the red light -
maybe ask them too?",ui\00_message\quest\q60215006.gmd,\quest\q60215006.arc,q60215006.arc,6,Orla,Quest Dialogue
0,,"赤い光は見たけど、魔物のように恐ろしげだったり
不気味だったりするものじゃなかったね
よーく見ると、ひっそりある感じだよ","I saw the red light, but it wasn't terrifying
like some enemy, or eerie, or anything. 
Look closely, and it's just kinda... there.",ui\00_message\quest\q60215006.gmd,\quest\q60215006.arc,q60215006.arc,7,Orla,Quest Dialogue
0,,"あれは周りをよく見ないとわからないと思うねぇ――
そういえば、さっき他の人にも赤い光の
調査をしてるって話を聞かれたから
その人にも様子を聞いてみるといいんじゃないかね？","Can't tell without looking properly...
Now that I think of it, someone else
mentioned studying the red light -
maybe ask them too?",ui\00_message\quest\q60215006.gmd,\quest\q60215006.arc,q60215006.arc,8,Orla,Quest Dialogue
0,,"これは隊長殿――
赤い妖光の調査状況についてですか？","Ah, Captain - is this concerning
that strange red light?",ui\00_message\quest\q60215006.gmd,\quest\q60215006.arc,q60215006.arc,9,Arisen Corps Regimental Soldier,Quest Dialogue
0,,"ちょうど、この周辺に
赤く光るモノがあるらしいのですが――
まだ発見できずに困ってたんです","Apparently, there's something around here
that glows red... but I still haven't
been able to find it. It's been frustrating.",ui\00_message\quest\q60215006.gmd,\quest\q60215006.arc,q60215006.arc,10,Arisen Corps Regimental Soldier,Quest Dialogue
0,,"聞いたところによれば
高低差や地形などをよく把握した上で探すと
発見できるようです","They say you'll find it if you pay attention to
the landscape and elevation differences when
you search.",ui\00_message\quest\q60215006.gmd,\quest\q60215006.arc,q60215006.arc,11,Arisen Corps Regimental Soldier,Quest Dialogue
0,,"自分はココでしばらく粘ってみたのですが
全然ダメでして――
よかったら、隊長殿も探してみられては
いかがでしょう？","I tried sticking it out here for a while
but had no luck at all. 
Captain, perhaps you'd like to attempt it instead?",ui\00_message\quest\q60215006.gmd,\quest\q60215006.arc,q60215006.arc,12,Arisen Corps Regimental Soldier,Quest Dialogue
0,,"聞いたところによれば
高低差や地形などをよく把握した上で探すと
発見できるようですよ","I heard you'll find it if you pay attention to
the landscape and elevation differences when
you search.",ui\00_message\quest\q60215006.gmd,\quest\q60215006.arc,q60215006.arc,13,Arisen Corps Regimental Soldier,Quest Dialogue
0,,"おおお！　さすがは隊長殿！！
鮮やかなる発見っぷりでした！","Whoa! That's the Captain for you!
What a brilliant discovery!",ui\00_message\quest\q60215006.gmd,\quest\q60215006.arc,q60215006.arc,14,Arisen Corps Regimental Soldier,Quest Dialogue
0,,"そうそう、フィンダム中を調査して
コイツを発見していくと
その結果に応じて、神殿から報酬が出るそうですよ","Right—so, if you scout around Phindym
and find these things, the temple will
reward you based on your results, 
or so I've heard.",ui\00_message\quest\q60215006.gmd,\quest\q60215006.arc,q60215006.arc,15,Arisen Corps Regimental Soldier,Quest Dialogue
0,,"どのくらい発見できたかについては
一度、白竜神殿にいるジュリアさんの元を
訪れるか、アチーブメントを確認してください","To check how many you've found, either visit
Miss Julia at the White Dragon Temple or
check your achievements.",ui\00_message\quest\q60215006.gmd,\quest\q60215006.arc,q60215006.arc,16,Arisen Corps Regimental Soldier,Quest Dialogue
0,,"いやぁ、できれば自分も赤い光を
見つけてみたかったものですが――
どうも向いていないようです
別のところでお役に立てるよう、精進します！","Well, I would have liked to find the red light
myself if possible, but...
I suppose it's just not for me.
I'll strive to be of use elsewhere!",ui\00_message\quest\q60215006.gmd,\quest\q60215006.arc,q60215006.arc,17,Arisen Corps Regimental Soldier,Quest Dialogue
0,,"フィンダム中を調査して
この赤い光を発見していくと
その結果に応じて、神殿から報酬が出るそうですよ","If you scout around Phindym
and find these red lights, the temple will
reward you based on your results.",ui\00_message\quest\q60215006.gmd,\quest\q60215006.arc,q60215006.arc,18,Arisen Corps Regimental Soldier,Quest Dialogue
0,,"どのくらい発見できたかについては
一度、白竜神殿にいるジュリアさんの元を
訪れるか、アチーブメントを確認してくださいね","To check how many you've found, either visit
Miss Julia at the White Dragon Temple or
check your achievements.",ui\00_message\quest\q60215006.gmd,\quest\q60215006.arc,q60215006.arc,19,Arisen Corps Regimental Soldier,Quest Dialogue
0,,"へぇ、あの赤い光は《精霊の火種》っていうのかい
持ってるだけじゃ特に役にも立たないし
何の害も無いってシロモノなんだね――","Huh, that red light is called a ""Spiritual Flame?""
Just carrying it doesn't seem to do anything,
and it's completely harmless...",ui\00_message\quest\q60215006.gmd,\quest\q60215006.arc,q60215006.arc,20,Razanailt,Quest Dialogue
0,,"心配して損しちまったよ
てっきり、侵食のせいでまた何かが
おかしくなっちまったのかと思ってさ！","Worried for nothing. Thought maybe
the corruption had messed things up again!",ui\00_message\quest\q60215006.gmd,\quest\q60215006.arc,q60215006.arc,21,Razanailt,Quest Dialogue
0,,"わざわざ調べてくれてありがとう
あんた、結構いいやつみたいだね","Thanks for checking it out.
You seem like a pretty good sort.",ui\00_message\quest\q60215006.gmd,\quest\q60215006.arc,q60215006.arc,22,Razanailt,Quest Dialogue
0,,"森で侵食魔の群れを見たというのは
外にいるゾルタです
彼女はハーブを採りによく森へ
入りますからね","The one who witnessed a horde of Corruption
Demons in the forest... that would be Zolta,
presently outside. She oft enters the forest to
gather herbs, you see.",ui\00_message\quest\q60216000.gmd,\quest\q60216000.arc,q60216000.arc,0,Arthfael,Quest Dialogue
0,,"侵食魔についての情報を
集めていらっしゃるのですか？
ならば、本人から聞くのが一番でしょう
彼女に話を通しておきますよ","You seek tidings concerning the Corruption
Demon, do you? Then 'twould be best to hear it
from the source herself. I shall put word
to her on your behalf.",ui\00_message\quest\q60216000.gmd,\quest\q60216000.arc,q60216000.arc,1,Arthfael,Quest Dialogue
0,,"森で侵食魔の群れを見たというのは
外にいるゾルタです
彼女には私から話を通しておきましょう
ぜひ、本人から詳細をお聞きください","The one who beheld a swarm of Corruption Demons
in the forest is Zolta, who awaits outside. I
shall bespeak matters with her on your behalf.
Pray, hear the particulars from her directly.",ui\00_message\quest\q60216000.gmd,\quest\q60216000.arc,q60216000.arc,2,Arthfael,Quest Dialogue
0,,ああ――侵食魔の群れについてですね,"Aye— the Corruption Demon horde, is it?",ui\00_message\quest\q60216000.gmd,\quest\q60216000.arc,q60216000.arc,3,Zolta,Quest Dialogue
0,,"先日、ハーブを採りに森に入ったんです
そうしたら《<SPOT 939>》に
侵食魔がたくさんいたんです","The other day, I went into the forest for herbs.
At <SPOT 939>... 'twas teeming
with Corruption Demons.",ui\00_message\quest\q60216000.gmd,\quest\q60216000.arc,q60216000.arc,4,Zolta,Quest Dialogue
0,,"一匹や二匹ならまだしも
たくさんいたということは
群れに侵食が拡がっているということでしょう？","One or two... mayhap. But a great many?
Means the corruption's spread through
the herd, does it not?",ui\00_message\quest\q60216000.gmd,\quest\q60216000.arc,q60216000.arc,5,Zolta,Quest Dialogue
0,,"このまま、どんどん侵食魔が増えていって
ハーブも採りにいけなくなったらって思うと
もう恐ろしくて――","At this rate, the Corruption Demons will only
multiply... and should herbs become beyond our
reach... 'tis dreadful to consider—",ui\00_message\quest\q60216000.gmd,\quest\q60216000.arc,q60216000.arc,6,Zolta,Quest Dialogue
0,,"覚者様、無茶なお願いかも知れませんが――
侵食魔の群れを討伐していただけませんか？
どうかわたしたちの生活を守ってください","Ser Arisen... 'tis much to ask, mayhap—
Would you vanquish the Corruption Demon horde?
Please... protect our way of life.",ui\00_message\quest\q60216000.gmd,\quest\q60216000.arc,q60216000.arc,7,Zolta,Quest Dialogue
0,,"侵食魔の群れがいたのは
《<SPOT 939>》の辺りです","The Corruption Demon horde... 'twas
near <SPOT 939>.",ui\00_message\quest\q60216000.gmd,\quest\q60216000.arc,q60216000.arc,8,Zolta,Quest Dialogue
0,,"覚者様、どうかわたしたちの生活を
守っていただけませんか","Ser Arisen, would you protect our livelihood?",ui\00_message\quest\q60216000.gmd,\quest\q60216000.arc,q60216000.arc,9,Zolta,Quest Dialogue
0,,"侵食魔の群れを討伐してきてくださったんですね！
ありがとうございます","So you went out and defeated the horde!
Thank you deeply.",ui\00_message\quest\q60216000.gmd,\quest\q60216000.arc,q60216000.arc,10,Zolta,Quest Dialogue
0,,"これでしばらくはハーブを採りに
行くことができそうです","With this, 'twould seem we can
gather herbs awhile yet.",ui\00_message\quest\q60216000.gmd,\quest\q60216000.arc,q60216000.arc,11,Zolta,Quest Dialogue
0,,"みなを不安にさせたくないので
あまり大きな声では申し上げられませんが――","'Tis not my wish to unsettle everyone, so I
cannot speak of it aloud...",ui\00_message\quest\q60216001.gmd,\quest\q60216001.arc,q60216001.arc,0,Arthfael,Quest Dialogue
0,,"実は、侵食された人間が存在するのです――
彼らは侵食の作用により、すでに人らしい
理性はとどめておりません","In truth, infected humans do exist— Through the
working of the infection, they no longer retain
aught of reason befitting a human.",ui\00_message\quest\q60216001.gmd,\quest\q60216001.arc,q60216001.arc,1,Arthfael,Quest Dialogue
0,,"そして、ここからが問題なのですが――
先日、この村におりますフィンバーが
外を歩いていたところ
侵食された彼らと遭遇したそうでして――","And thus... herein lies the turmoil—
Some days past, Finbar of this village,
whilst walking outside,
is said to have encountered the infected...",ui\00_message\quest\q60216001.gmd,\quest\q60216001.arc,q60216001.arc,2,Arthfael,Quest Dialogue
0,,"いえ、これより詳しくは本人から
お聞きになった方がよいでしょう
私からでは又聞きとなってしまいますから――","No, 'twould be best to hear the details from the
person themself. Were I to relate it, 'twould
be naught but hearsay—",ui\00_message\quest\q60216001.gmd,\quest\q60216001.arc,q60216001.arc,3,Arthfael,Quest Dialogue
0,,"覚者様、どうか小声でお願いいたします――
詳しくはフィンバーよりお聞きください――","Ser Arisen, though it trouble you, speak
quietly about this―
For the particulars, I would ask that you
hear them from Finbar...",ui\00_message\quest\q60216001.gmd,\quest\q60216001.arc,q60216001.arc,4,Arthfael,Quest Dialogue
0,,"ひ、ひぃ――
あの話ですか――もう、思い出したくないのに――","E-eek—
That... that tale...?
I... I'd rather not recall it—",ui\00_message\quest\q60216001.gmd,\quest\q60216001.arc,q60216001.arc,5,Finbar,Quest Dialogue
0,,"僕、村から全然出なくなっちゃったもので
このままじゃいけないって勇気を振り絞って
散歩に出たんです――","I... I've not left the village in ages, see...
Thought... this won't do... mustered
what courage I could...
Went out walking—",ui\00_message\quest\q60216001.gmd,\quest\q60216001.arc,q60216001.arc,6,Finbar,Quest Dialogue
0,,"そうしたらいつの間にか
《<SPOT 941>》の近くまで行っちゃって
そこで、見たんです――","Then, ere I knew it, I was near the
<SPOT 941>.
That's when I saw it...",ui\00_message\quest\q60216001.gmd,\quest\q60216001.arc,q60216001.arc,7,Finbar,Quest Dialogue
0,,"侵食された人たちのこと――
魔物と同じく、侵食核が突き出ていて
ふらふら歩いてました","The infected people... infected growths protruded
from them, same as the monsters...
they staggered about...",ui\00_message\quest\q60216001.gmd,\quest\q60216001.arc,q60216001.arc,8,Finbar,Quest Dialogue
0,,"慌てて逃げましたが、彼らは僕に
気付いて追ってこようとしていました！
跡はつけられていないつもりですが――
もしかしたら、村の位置もばれてるかも――","I fled in a panic... but they noticed me, and
tried to give chase!
I... I believe I was not followed, but...
Mayhap the village's location is known as well...",ui\00_message\quest\q60216001.gmd,\quest\q60216001.arc,q60216001.arc,9,Finbar,Quest Dialogue
0,,"か、覚者さん、お願いです
同じ人としてこんなこと言うのも辛いんです
でも――でも、彼らを討ってきてください――！","S-Ser Arisen, I beseech you...
It pains me to say this, as a fellow human...
But... but, please... smite them...!",ui\00_message\quest\q60216001.gmd,\quest\q60216001.arc,q60216001.arc,10,Finbar,Quest Dialogue
0,,"もしも彼らが村にやってきたら
この村は壊滅してしまいます――
なんせ、近寄るまでは普通の人間に見えたんです
きっと門の内側まで進入を許してしまうでしょう","If they should come to the village...
'twould be undone— Pray, forgive me... they
appeared as ordinary folk, until one drew nigh.
I... I fear we would let them within the gates
ere we knew the truth.",ui\00_message\quest\q60216001.gmd,\quest\q60216001.arc,q60216001.arc,11,Finbar,Quest Dialogue
0,,"それから、僕があそこに落としてきてしまった
メモの回収もお願いできないでしょうか？
運の悪いことに、モルフォールの位置を記した
メモだったんです――","And then... pray, forgive me. Could you retrieve
the note I dropped yonder? By ill fortune, 'twas
one marking Morfaul's location—",ui\00_message\quest\q60216001.gmd,\quest\q60216001.arc,q60216001.arc,12,Finbar,Quest Dialogue
0,,"侵食された人間が他にもいて
もしもメモが読めたとしたらと思うと
気が気じゃなくて――
どうかどうか、お願いします――！","There are other infected humans;
should they read it...
I... I know no peace—
Please, prithee, I beseech you—!",ui\00_message\quest\q60216001.gmd,\quest\q60216001.arc,q60216001.arc,13,Finbar,Quest Dialogue
0,,"《<SPOT 941>》にいるはずの
侵食された人たちを討ってきてください――
それから、僕が落としてきたメモの回収も――
どうかどうか、お願いします","Strike down the infected who should be at
<SPOT 941>...
And... retrieve the note I
dropped there, as well...
Please, please, I beg of you...",ui\00_message\quest\q60216001.gmd,\quest\q60216001.arc,q60216001.arc,14,Finbar,Quest Dialogue
0,,"うっ――
ありがとうございます
これで安心して眠れます――","Gh—
Thank you.
Now I can sleep soundly.",ui\00_message\quest\q60216001.gmd,\quest\q60216001.arc,q60216001.arc,15,Finbar,Quest Dialogue
0,,"覚者様――
同じ人間を討ってきてくれだなんて
こんなお願い、黙って聞き入れてくださって
本当に感謝しています――","Ser Arisen— To ask you to
strike down fellow humans.
Such a request... yet you
accepted it without a word.
I am truly grateful—",ui\00_message\quest\q60216001.gmd,\quest\q60216001.arc,q60216001.arc,16,Finbar,Quest Dialogue
0,,"本当にヘマばかりして、情けない――
僕ももっと強くなりたいです
うぅ、侵食された人たちのためにも――","Naught but blunders, truly... how pathetic...
I... I want to become stronger, too.
Uu... for the infected... for
their sake as well...",ui\00_message\quest\q60216001.gmd,\quest\q60216001.arc,q60216001.arc,17,Finbar,Quest Dialogue
0,,"此度もお力を貸していただけるのですね
ありがとうございます、覚者様","'Tis so — you would lend your might anew.
We are deeply grateful, Ser Arisen.",ui\00_message\quest\q60216002.gmd,\quest\q60216002.arc,q60216002.arc,0,Arthfael,Quest Dialogue
0,,"今回問題となっているのは
採掘所についてなのです",The matter at hand concerns the mining site.,ui\00_message\quest\q60216002.gmd,\quest\q60216002.arc,q60216002.arc,1,Arthfael,Quest Dialogue
0,,"かつては村の生命線の一つでもあった
採掘所に強大な侵食魔があらわれ
その場を荒らし始めたようなのです","In days past, the mining site served as one of
the village's vital lifelines. 'Twould appear,
howbeit, that a powerful Corruption Demon has
emerged there and begun to lay
waste to the grounds.",ui\00_message\quest\q60216002.gmd,\quest\q60216002.arc,q60216002.arc,2,Arthfael,Quest Dialogue
0,,"詳しくは、畑のそばにおりますウルタンが
ご説明できるでしょう
彼から話をお聞きください","For the details, Ultan, who is by the field, will
be able to provide an explanation.
I would ask that you hear his account.",ui\00_message\quest\q60216002.gmd,\quest\q60216002.arc,q60216002.arc,3,Arthfael,Quest Dialogue
0,,"村の生命線の一つでもあった採掘所が
侵食魔に荒らされているのです
詳しくは、畑のそばにおりますウルタンが
ご説明できるでしょう","The mining site, which once stood as one of the
village's very lifelines, is being ravaged
by a Corruption Demon.
For the details, Ultan, who waits by the field,
will be able to provide an explanation.
I would ask that you hear his account.",ui\00_message\quest\q60216002.gmd,\quest\q60216002.arc,q60216002.arc,4,Arthfael,Quest Dialogue
0,,"異国の覚者様――今回あらわれた侵食魔について
わしがご説明しようかの
ちぃとばかり急ぎの作業があっての
手は止めずに失礼しますぞ","Ser Arisen from a foreign land — shall I explain
the Corruption Demon that has appeared this time?
I've urgent work at hand, so I'll not abide my
hands to cease — pray excuse me.",ui\00_message\quest\q60216002.gmd,\quest\q60216002.arc,q60216002.arc,5,Ultan,Quest Dialogue
0,,"――《<SPOT 908>》の奥地は
村の生命線ともいえる採掘所となっていたんじゃ
そこに、大型の侵食魔があらわれて
岩肌に体当たりをしたりと暴れ始めての","The inner depths of <SPOT 908> had
long served as the village's very lifeline, a
mining quarry 'twas. Then, a great Corruption
Demon appeared, and fell to rampaging — hurling
its bulk against the rock face, and suchlike.",ui\00_message\quest\q60216002.gmd,\quest\q60216002.arc,q60216002.arc,6,Ultan,Quest Dialogue
0,,"このまま場を荒らされ続ければ
いつの日か侵食が収まったとしても
採掘に使えなくなってしまう――","Should this place be suffered to be ravaged thus,
then e'en should the corruption abate come some
future day, 'twill be rendered unfit for mining—",ui\00_message\quest\q60216002.gmd,\quest\q60216002.arc,q60216002.arc,7,Ultan,Quest Dialogue
0,,"侵食という災厄の最中にあっても、わしらは
その先のことをも考えねばならんのじゃ","E'en amid the calamity of corruption, we must
needs think on what lies beyond.",ui\00_message\quest\q60216002.gmd,\quest\q60216002.arc,q60216002.arc,8,Ultan,Quest Dialogue
0,,"どうか、これ以上あの場が
荒らされないうちに
侵食魔を退治してもらえんかの――","I pray you put down this Corruption Demon ere the
site is ravaged any further...",ui\00_message\quest\q60216002.gmd,\quest\q60216002.arc,q60216002.arc,9,Ultan,Quest Dialogue
0,,"《<SPOT 908>》の奥に
現れた侵食魔――
どうか、これ以上あの場を荒らさぬうちに
退治してきてもらえんかの","Deep within <SPOT 908>, a Corruption
Demon has manifested— I pray you, slay it ere it
despoils that place any further.",ui\00_message\quest\q60216002.gmd,\quest\q60216002.arc,q60216002.arc,10,Ultan,Quest Dialogue
0,,"おお――もう退治してきてくれたとは！
さすがは覚者様じゃ
覚者様の強さ、清さは
国によって変わるものではないのじゃな","Ah— to think you have already
returned, the foe vanquished!
'Tis as expected of Ser Arisen, in sooth.
The might and purity of Arisen...
methinks they do not vary from region to region.",ui\00_message\quest\q60216002.gmd,\quest\q60216002.arc,q60216002.arc,11,Ultan,Quest Dialogue
0,,"侵食が去ったあとも生活することができる――
この希望が、侵食へ立ち向かうための力となるのじゃ
アルトフェイルもそこのところを
よくわかっておる――","Even after the encroachment has passed, life
endures — 'Tis this hope that becomes the
strength to confront the corruption.
Arthfael, too, well understands this...",ui\00_message\quest\q60216002.gmd,\quest\q60216002.arc,q60216002.arc,12,Ultan,Quest Dialogue
0,,"此度もお力添えいただけるとは――！
謎の爆発と、新手の侵食魔については
<NPC 2604>から直接お聞きください
彼なら村のどこかで警備にあたっていることでしょう","That you would lend your aid anew—!
As for the mysterious explosion, and the new
manner of Corruption Demon...
Pray hear the details directly from <NPC 2604>.
He is likely attending to guard duty
somewhere in the village.",ui\00_message\quest\q60216003.gmd,\quest\q60216003.arc,q60216003.arc,0,Arthfael,Quest Dialogue
0,,"此度もお力添えいただけるとは――！
謎の爆発と、新手の侵食魔については
<NPC 2604>から直接お聞きください
彼なら村のどこかで警備にあたっていることでしょう","That you would lend your aid anew—!
As for the mysterious explosion, and the new
manner of Corruption Demon...
Pray hear the details directly from <NPC 2604>.
He is likely attending to guard duty
somewhere in the village.",ui\00_message\quest\q60216003.gmd,\quest\q60216003.arc,q60216003.arc,1,Arthfael,Quest Dialogue
0,,"ああ――この前見た、妙な爆発の話だね
村の周辺を見回っていた時に
突然爆発音がして、大量の侵食胞子が
舞い上がるのを見たんだ","Ah— 'tis about that queer explosion
I saw the other day.
I was making my rounds about the village when, of
a sudden, an explosion sounded, and I saw a mass
of infected spores billow up.",ui\00_message\quest\q60216003.gmd,\quest\q60216003.arc,q60216003.arc,2,Thorin,Quest Dialogue
0,,"ここモロー樹林は火山地帯でもないし
森の中に爆発するようなものがあるとは思えない
何かよくないことが起こっているような気がするよ","'Tis no volcanic region, this Morrow Forest. I
can't imagine aught in these woods that would
explode... I've a feeling aught ill is afoot.",ui\00_message\quest\q60216003.gmd,\quest\q60216003.arc,q60216003.arc,3,Thorin,Quest Dialogue
0,,"妙なことが起こっているっていうのに
僕が村を離れるわけにはいかないだろう？
だから、知り合いの戦士に連絡を取って
調査を頼んであるんだ","Queer things are afoot, yet I cannot well
leave the village, can I?
So I've sent word to a warrior acquaintance,
asking them to investigate.",ui\00_message\quest\q60216003.gmd,\quest\q60216003.arc,q60216003.arc,4,Thorin,Quest Dialogue
0,,"気の良い彼だから、すぐに駆けつけて
《<SPOT 943>》へ調査に向かってくれたよ","Since he's such a nice guy, he rushed right over
to the <SPOT 943> to check it out.",ui\00_message\quest\q60216003.gmd,\quest\q60216003.arc,q60216003.arc,5,Thorin,Quest Dialogue
0,,"アルトフェイルが悩んでいた新手の
侵食魔についても、彼が数を減らして
きてくれるはずだよ","As for the new Corruption Demon that troubled
Arthfael... he should be thinning
their numbers as well.",ui\00_message\quest\q60216003.gmd,\quest\q60216003.arc,q60216003.arc,6,Thorin,Quest Dialogue
0,,"そろそろ戻ってきてもいい頃なんだけど
少し帰りが遅いのは気になるかな――","He should be back by now, I'd think, yet his
delay weighs on me――",ui\00_message\quest\q60216003.gmd,\quest\q60216003.arc,q60216003.arc,7,Thorin,Quest Dialogue
0,,"妙な爆発についてなら
知り合いの戦士に連絡を取って
《<SPOT 943>》の調査を頼んであるよ","If 'tis the queer explosion you mean, I've
asked a warrior acquaintance to
investigate <SPOT 943>.",ui\00_message\quest\q60216003.gmd,\quest\q60216003.arc,q60216003.arc,8,Thorin,Quest Dialogue
0,,"そろそろ戻ってきてもいい頃なんだけど
少し帰りが遅いのは気になるかな――","He should be back by now, I'd think, yet his
delay weighs on me――",ui\00_message\quest\q60216003.gmd,\quest\q60216003.arc,q60216003.arc,9,Thorin,Quest Dialogue
0,,"いやぁ、まいった！
辺りを調査していたら、護符を持った
妙な魔物が出てきて、このザマだ！","Well, bugger me—what a right mess!
Was surveying the area when a queer monster
toting a talisman pops out, and look at
the state of me now!",ui\00_message\quest\q60216003.gmd,\quest\q60216003.arc,q60216003.arc,10,Sullivan,Quest Dialogue
0,,"すまんが、近くに護符が無いか探してもらえないか？
魔物が結界を張るのに使っていた
護符を全て破壊すれば――","Bad form, but... mind having a look round for
any talismans nearby?
The beasts were using 'em to throw up a
ward; smash the lot and—",ui\00_message\quest\q60216003.gmd,\quest\q60216003.arc,q60216003.arc,11,Sullivan,Quest Dialogue
0,,"――っとと！
後ろだ、来たぞ！！",Whoa! Behind you—here they come!!,ui\00_message\quest\q60216003.gmd,\quest\q60216003.arc,q60216003.arc,12,Sullivan,Quest Dialogue
0,,"すまんが、近くに護符が無いか探してもらえないか？
魔物が結界を張るのに使っていた
護符を全て破壊すれば――！","Bad form, but... mind having a look round for
any talismans nearby?
The beasts were using 'em to throw up a
ward; smash the lot and—",ui\00_message\quest\q60216003.gmd,\quest\q60216003.arc,q60216003.arc,13,Sullivan,Quest Dialogue
0,,"助かった！　おかげでようやく身動きが取れる！
大方、あんたも""謎の爆発""について
調べに来たんだろう？
こっちだ、ついてきてくれ！","That was close! Thanks to you, I
can finally move again!
You're here about the ""mysterious
explosion"" as well, I s'pose?
Here, follow me!",ui\00_message\quest\q60216003.gmd,\quest\q60216003.arc,q60216003.arc,14,Sullivan,Quest Dialogue
0,,"この辺りの調査の妨げになるような
侵食魔どもは片付けられたが――
どうやら、これは大変なことになっていそうだ――","Dealt with the Corruption Demons hinderin' the
investigation 'round here— But 'twould seem this
is shapin' up to be quite the bother...",ui\00_message\quest\q60216003.gmd,\quest\q60216003.arc,q60216003.arc,15,Sullivan,Quest Dialogue
0,,"すまんが、一度<NPC 2604>に
報告にいってくれないか
俺はこの辺りをもう少し調べてから
戻ることにしよう","Apologies, but would you head to <NPC 2604> and
report? I'll poke about here a spell, then return.",ui\00_message\quest\q60216003.gmd,\quest\q60216003.arc,q60216003.arc,16,Sullivan,Quest Dialogue
0,,"すまんが、一度<NPC 2604>に
報告にいってくれないか
俺はこの辺りをもう少し調べてから
戻ることにしよう","Apologies, but would you head to <NPC 2604> and
report? I'll poke about here a spell, then return.",ui\00_message\quest\q60216003.gmd,\quest\q60216003.arc,q60216003.arc,17,Sullivan,Quest Dialogue
0,,"サリヴァンが敵に拘束されていたなんて！
軽い気持ちだったけど、君に話しておいて
よかったみたいだ！","To think Sullivan was captured by the enemy...!
'Twas just a passing thought, mind, but I'm
glad I spoke with you!",ui\00_message\quest\q60216003.gmd,\quest\q60216003.arc,q60216003.arc,18,Thorin,Quest Dialogue
0,,"彼を助けてくれて礼を言うよ
――それにしても、サリヴァンが
「大変なことになっていそうだ」なんて
言ったとはね――","Let me thank you for saving him.
—Still... to think Sullivan would say it's
shaping up to be a real mess...",ui\00_message\quest\q60216003.gmd,\quest\q60216003.arc,q60216003.arc,19,Thorin,Quest Dialogue
0,,"大抵のことは笑い飛ばす性質の彼が
そこまで真剣になるということは
調査結果についても覚悟しておいた方が
良さそうだな――","He's the sort to laugh off most anything, yet for
him to turn so grave, I should think we'd best
steel ourselves for the
investigation results as well...",ui\00_message\quest\q60216003.gmd,\quest\q60216003.arc,q60216003.arc,20,Thorin,Quest Dialogue
0,,"先日見つかったクレーターですが
あれは強力な魔物が暴れてできたもののようです","The crater discovered the other day... it appears
to have been formed by a
powerful monster's rampage.",ui\00_message\quest\q60216004.gmd,\quest\q60216004.arc,q60216004.arc,0,Arthfael,Quest Dialogue
0,,"さらに、様々な調査結果より
その魔物によって侵食が拡げられている気配が
あることもわかっています","Withal, from the various investigation
results, it has also come to light that there are
signs the corruption is being
spread by that monster.",ui\00_message\quest\q60216004.gmd,\quest\q60216004.arc,q60216004.arc,1,Arthfael,Quest Dialogue
0,,"覚者様、どうかあの魔物を
討伐してきていただけないでしょうか
魔物が暴れるたびに侵食される土地が拡がっては
我々はここに住み続けることも危ういのです","Ser Arisen, might I trouble you to
vanquish that monster?
Each time the beast rampages, the corruption
spreads further, and 'tis e'er more perilous for
us to continue dwelling here.",ui\00_message\quest\q60216004.gmd,\quest\q60216004.arc,q60216004.arc,2,Arthfael,Quest Dialogue
0,,"トリンが熱心に魔物のことを調べていたようですから
詳細については彼が詳しいでしょう
討伐に出られる前に
ぜひ、彼に直接話を聞いてみてください","Thorin has been most diligent in his study of the 
monsters, 'twould seem. As for the finer details, 
he would be far better acquainted.
Ere you depart on the quest...
Might I trouble you to hear the account from him
directly, if 'twould not be too much to ask?",ui\00_message\quest\q60216004.gmd,\quest\q60216004.arc,q60216004.arc,3,Arthfael,Quest Dialogue
0,,"トリンが熱心に魔物のことを調べていたようですから
詳細については彼が詳しいでしょう
討伐に出られる前に
ぜひ、彼に直接話を聞いてみてください","Thorin has been most diligent in his study of the 
monsters, 'twould seem. As for the finer details, 
he would be far better acquainted.
Ere you depart on the quest...
Might I trouble you to hear the account from him
directly, if 'twould not be too much to ask?",ui\00_message\quest\q60216004.gmd,\quest\q60216004.arc,q60216004.arc,4,Arthfael,Quest Dialogue
0,,"そうなんだ
アルトフェイルから聞いていると思うけど
この前の爆発のようなものやクレーターは
魔物によるものだったみたいでね","So it is. I imagine you've heard from Arthfael,
but it seems the explosion-like event and crater
from before were caused by a monster.",ui\00_message\quest\q60216004.gmd,\quest\q60216004.arc,q60216004.arc,5,Thorin,Quest Dialogue
0,,"まさかクレーターを作るような
強力な魔物がこの時期に現れるなんて
思いもよらなかったよ","I ne'er imagined a monster powerful enow to
carve a crater would appear at a time like this.",ui\00_message\quest\q60216004.gmd,\quest\q60216004.arc,q60216004.arc,6,Thorin,Quest Dialogue
0,,"どうやら相手は侵食が進んだグリフィンみたいだ
あの羽根で飛び回って
侵食胞子を含んだ唾液を撒き散らしては
侵食の範囲を拡げていたんだろうね","It seems our foe is a Griffin
far gone in infection.
I imagine it flies about on those wings,
scattering spittle laced with corruption spores...
Widening the blight's reach, I should think.",ui\00_message\quest\q60216004.gmd,\quest\q60216004.arc,q60216004.arc,7,Thorin,Quest Dialogue
0,,"今、ヤツは《<SPOT 944>》に
いるみたいだけど――
何せ羽根のある相手だ
いつどこへ飛び立つかわからない状態さ","He seems to be at the <SPOT 944> for
the moment, albeit... 'tis a feathered foe, after
all. I daresay there's no witting when or where
it might take flight.",ui\00_message\quest\q60216004.gmd,\quest\q60216004.arc,q60216004.arc,8,Thorin,Quest Dialogue
0,,"きっと、グリフィン自身も
あんな姿になって苦しんでいるだろうに――
何とかしてやりたいけど、僕一人で
勝てる相手じゃなさそうだ","I imagine the Griffin itself is suffering in such
a form— I'd like to help, but 'tis not a
foe I can best alone.",ui\00_message\quest\q60216004.gmd,\quest\q60216004.arc,q60216004.arc,9,Thorin,Quest Dialogue
